Id,Predicted
1,-9.718318939208984
2,-10.222159385681152
3,-5013.5908203125
4,-29.623878479003906
5,-10.668879508972168
6,-18.510709762573242
7,-1.9683377742767334
8,20.951204299926758
9,5586.294921875
10,-36.33491897583008
11,-12.927715301513672
12,-7.902061939239502
13,-1506.44091796875
14,13.984574317932129
15,-7399.53076171875
16,0.7187589406967163
17,-473.6468200683594
18,-7.943538188934326
19,-2980.144287109375
20,-9501.0087890625
21,-1960.6083984375
22,-7828.99169921875
23,14.812211990356445
24,-15.43061637878418
25,-9.807686805725098
26,-3.183269500732422
27,-9.532751083374023
28,2.4532358646392822
29,-2750.277099609375
30,-5.955122947692871
31,-25169.1015625
32,-105.58931732177734
33,-19.339635848999023
34,3.582496404647827
35,3.2843711376190186
36,-20.086755752563477
37,-9.128457069396973
38,-23.039073944091797
39,23.117277145385742
40,-2110.001708984375
41,20.247089385986328
42,-7721.33984375
43,-9.565744400024414
44,-2017.7188720703125
45,-4.92719841003418
46,-6676.6513671875
47,-6.296266555786133
48,-7530.541015625
49,-5.670165538787842
50,-5230.53466796875
51,9.899386405944824
52,40.582035064697266
53,-11.890751838684082
54,-0.42090824246406555
55,10.871207237243652
56,-9300.9599609375
57,214.9167938232422
58,-3.5173046588897705
59,7.420970439910889
60,6.369101524353027
61,-9064.115234375
62,32.066131591796875
63,19.9525089263916
64,-2237.0048828125
65,3770.5615234375
66,-18.054750442504883
67,12.021646499633789
68,8.897270202636719
69,-20.005504608154297
70,-30022.55078125
71,-7706.6904296875
72,14.684505462646484
73,15.516133308410645
74,5.561527729034424
75,0.7614239454269409
76,7.189543724060059
77,-33.101688385009766
78,623.0810546875
79,2.369701623916626
80,-6.697028160095215
81,-11.262850761413574
82,-4.276101589202881
83,-4.3428521156311035
84,1.0360952615737915
85,4.300522327423096
86,-23292.568359375
87,19.707958221435547
88,-20.42701530456543
89,6.103664398193359
90,4.243659496307373
91,1487.4139404296875
92,-24730.96484375
93,5.15167760848999
94,-5806.8779296875
95,6.107779502868652
96,-4.543063163757324
97,-746.0032958984375
98,3.206329107284546
99,5.688275337219238
100,-61.144615173339844
101,-7.053886413574219
102,-576.39947509765625
103,1.519575834274292
104,-2.0740766525268555
105,-4.136297225952148
106,-16.735509872436523
107,-11131.0712890625
108,8.697568893432617
109,-7.050373077392578
110,-1818.160400390625
111,-0.7275388836860657
112,-99.11750793457031
113,3.4566116333007812
114,-12.360133171081543
115,7.7733612060546875
116,32.47577667236328
117,-2.6346282958984375
118,-18.169240951538086
119,-5115.77490234375
120,-3.3122167587280273
121,-5243.32666015625
122,-22844.095703125
123,2.705846071243286
124,-10204.0703125
125,5.385164737701416
126,16.241519927978516
127,-1293.37890625
128,-9215.2109375
129,-3038.418212890625
130,26.18073844909668
131,-12422.271484375
132,2146.856689453125
133,-2406.972900390625
134,972.97216796875
135,-72.82532501220703
136,-8121.537109375
137,20.38751983642578
138,-24.153995513916016
139,-8554.7197265625
140,8.439160346984863
141,-28.888065338134766
142,-1305.156005859375
143,-7.018214225769043
144,-1663.4219970703125
145,18.92401123046875
146,9.247506141662598
147,-7257.48095703125
148,-1461.8858642578125
149,-11.510052680969238
150,-21672.291015625
151,4678.06640625
152,-7.785157680511475
153,-13.850089073181152
154,-1184.616455078125
155,11.539238929748535
156,33.2570915222168
157,-15453.060546875
158,888.07037353515625
159,8.066912651062012
160,-60.98164749145508
161,-2216.93212890625
162,-8152.232421875
163,14.649054527282715
164,-1.3444464206695557
165,-11924.0517578125
166,-0.707952618598938
167,97.65503692626953
168,102.9118881225586
169,4.68587589263916
170,6.7416181564331055
171,10.615015029907227
172,-9.226300239562988
173,-4704.56591796875
174,1.9916887283325195
175,-27.847293853759766
176,8.428633689880371
177,26.201702117919922
178,-5413.00634765625
179,64.60614776611328
180,-2131.680908203125
181,-2.5728228092193604
182,2.134843587875366
183,22.70607566833496
184,8.359193801879883
185,-2.8013134002685547
186,-320.9590148925781
187,-16.237424850463867
188,59.96675109863281
189,14.871297836303711
190,3.3926327228546143
191,-6908.35302734375
192,-0.2016220986843109
193,-2227.1455078125
194,-1.1362649202346802
195,27.898923873901367
196,-5017.03564453125
197,3.5977206230163574
198,235.84747314453125
199,-3452.40478515625
200,-2379.09912109375
201,12.479514122009277
202,-8.785465240478516
203,-35106.38671875
204,5.374359130859375
205,-10225.7998046875
206,8.965580940246582
207,-9.807084083557129
208,-15.076189041137695
209,11.3042573928833
210,10.36772346496582
211,2.198546886444092
212,1.0600978136062622
213,-27995.78515625
214,-7914.08740234375
215,-0.5935420989990234
216,-3.8217432498931885
217,15.419931411743164
218,3.126455068588257
219,-3.2495079040527344
220,5.715998649597168
221,10.840513229370117
222,-13945.861328125
223,-29034.814453125
224,134.6314239501953
225,-29.98191261291504
226,-3.294625997543335
227,3.0278987884521484
228,716.5364990234375
229,71.30549621582031
230,-20.04742431640625
231,2.388671636581421
232,-4266.91552734375
233,10.863903999328613
234,2.1976985931396484
235,-4449.01318359375
236,-9873.380859375
237,-2.832014799118042
238,-4743.36328125
239,-27.413719177246094
240,-7.254423141479492
241,9.990477561950684
242,-3659.192138671875
243,-16709.02734375
244,-1377.115966796875
245,5.5874223709106445
246,9.498967170715332
247,8.693490028381348
248,-113.92583465576172
249,-1.56410813331604
250,-643.235107421875
251,-300.0576171875
252,8.50668716430664
253,-4803.22705078125
254,-2367.169189453125
255,-14.627304077148438
256,-7943.08154296875
257,1.3538650274276733
258,1.780739188194275
259,-28.401708602905273
260,-22.88668441772461
261,-4106.33203125
262,17.0583553314209
263,3.4775311946868896
264,-0.9560388922691345
265,-9867.0361328125
266,-8735.2138671875
267,-10091.4931640625
268,-1.8128496408462524
269,15.277324676513672
270,-9558.869140625
271,-10.316948890686035
272,812.00494384765625
273,929.65045166015625
274,-5.489774227142334
275,11.238486289978027
276,-6027.423828125
277,2.3856616020202637
278,0.33474811911582947
279,-8.365625381469727
280,2156.61279296875
281,239.74990844726562
282,-7803.6279296875
283,12.26526927947998
284,-4030.903076171875
285,-8814.7568359375
286,-3770.531005859375
287,-2.532290458679199
288,0.050594933331012726
289,2.646893262863159
290,-0.4289414882659912
291,-9.7230987548828125
292,-1.4628854990005493
293,-1.3170682191848755
294,-0.7021929621696472
295,-0.23206931352615356
296,-24.596263885498047
297,-9.447625160217285
298,3.5259273052215576
299,1.4289058446884155
300,-8.10102653503418
301,7.149524688720703
302,-1.1886422634124756
303,5.996555328369141
304,-13478.802734375
305,-52.35601043701172
306,2.9393014907836914
307,-6804
308,4.294830799102783
309,14.660351753234863
310,-20.82947540283203
311,21.665775299072266
312,9.896126747131348
313,-7309.59033203125
314,4.6209259033203125
315,9.29701042175293
316,-6.431136608123779
317,19.237627029418945
318,9.912978172302246
319,5.656910419464111
320,-16.48927879333496
321,-11.41607666015625
322,-25.496294021606445
323,1.6289550065994263
324,-1878.2989501953125
325,22.415985107421875
326,-6.023152828216553
327,6.920971393585205
328,-2142.209228515625
329,-30.566007614135742
330,-18241.666015625
331,-11181
332,-22.226797103881836
333,40.23936080932617
334,15.746063232421875
335,2.321859836578369
336,-7791.5361328125
337,-0.9907332062721252
338,-13.439363479614258
339,-10344.2470703125
340,3.0052692890167236
341,-4805.62109375
342,-649.454345703125
343,745.921875
344,-37.73234558105469
345,-3.2032155990600586
346,-6317.37841796875
347,-1.5982202291488647
348,-11.323201179504395
349,-5520.447265625
350,6.006866455078125
351,27.71788215637207
352,9.811446189880371
353,3.047414541244507
354,1.1669644117355347
355,-344.1796875
356,-3362.81396484375
357,-0.09311646968126297
358,-6.804800033569336
359,2.423893451690674
360,0.5904473662376404
361,-1710.1824951171875
362,1.8905634880065918
363,28.691465377807617
364,12.839163780212402
365,-1757.848388671875
366,-9253.7158203125
367,-4.788419723510742
368,-6772.4287109375
369,9.658543586730957
370,8.135723114013672
371,-4.9482035636901855
372,-15.79638385772705
373,5.390528678894043
374,-6806.791015625
375,-5.724663257598877
376,-13.287964820861816
377,35.790740966796875
378,-3867.305419921875
379,-5954.3720703125
380,-2.099316120147705
381,0.8127357959747314
382,22.586050033569336
383,-230.1233673095703
384,-42.48320007324219
385,-7.120436668395996
386,-7311.34375
387,-4628.224609375
388,11.151070594787598
389,-3.3164055347442627
390,5.968991756439209
391,28.08880043029785
392,-4435.5869140625
393,6.0150675773620605
394,-15074.0673828125
395,-7286.64697265625
396,9.670784950256348
397,-39.01008987426758
398,1.3829289674758911
399,-3693.68115234375
400,10.479961395263672
401,-18.824201583862305
402,-9.603644371032715
403,-0.23777788877487183
404,-2.5877020359039307
405,-10.248869895935059
406,-5.299373626708984
407,0.8556820154190063
408,-9.764604568481445
409,10.423224449157715
410,-6.122744083404541
411,-8.36474895477295
412,4.770620822906494
413,-4.1743879318237305
414,-6732.708984375
415,-34.803688049316406
416,-3.737330913543701
417,-1.8768504858016968
418,3.4909939765930176
419,17.509193420410156
420,-13.626277923583984
421,-31.687763214111328
422,-11.79720401763916
423,-1256.23681640625
424,15.650114059448242
425,12.78577709197998
426,-7.749300956726074
427,-11.135859489440918
428,-7.090362071990967
429,-64.57335662841797
430,-28.821130752563477
431,-0.18545399606227875
432,-0.013048939406871796
433,2.8486618995666504
434,-12.895023345947266
435,-3167.9521484375
436,-6198.4609375
437,-4.350013256072998
438,-12.812874794006348
439,-19269.083984375
440,-267.690185546875
441,1.3378328084945679
442,-3.9132468700408936
443,0.5968568921089172
444,-0.12987661361694336
445,-6730.0302734375
446,-6.09238862991333
447,13.065343856811523
448,-10.00828742980957
449,3.5024290084838867
450,-47.04182815551758
451,-102.48771667480469
452,2.896568536758423
453,-1465.5560302734375
454,-30.085235595703125
455,-36.465030670166016
456,-2109.2900390625
457,-9.9339599609375
458,-28.841318130493164
459,-1.9277609586715698
460,-4137.18603515625
461,6.267739295959473
462,-27.427907943725586
463,-4009.494384765625
464,-10488.314453125
465,12.173707962036133
466,10.938633918762207
467,28.913616180419922
468,11.753293991088867
469,-11054.95703125
470,-58.968807220458984
471,-5.093601703643799
472,1.3521121740341187
473,-9213.7939453125
474,-26.47283172607422
475,-616.9266357421875
476,15.200215339660645
477,-0.5188848972320557
478,-65.873260498046875
479,1.0776079893112183
480,-10.98620891571045
481,0.8764289021492004
482,-11966.1591796875
483,-22.061933517456055
484,14.403816223144531
485,-5673.92041015625
486,20.666641235351562
487,5.0693678855896
488,-51.628746032714844
489,9.729625701904297
490,-11.752622604370117
491,-12.891955375671387
492,-13.12740421295166
493,-7247.67041015625
494,-5565.8837890625
495,-12408.634765625
496,-76.9097900390625
497,-7.576316833496094
498,-1.5735756158828735
499,-9.272031784057617
500,-9.309915542602539
501,-9706.1328125
502,-7490.810546875
503,5.035992622375488
504,728.39166259765625
505,-5.006721496582031
506,-6531.54296875
507,2.985884428024292
508,-195.20599365234375
509,4.128546237945557
510,25.281539916992188
511,-46.03291702270508
512,-14463.3095703125
513,-21.536527633666992
514,-2.0770697593688965
515,-3.8599796295166016
516,-7.911523818969727
517,-26.261924743652344
518,6.649263858795166
519,-10.920543670654297
520,73.05785369873047
521,9.647958755493164
522,-1.4190369844436646
523,12.629958152770996
524,-4672.52685546875
525,7.456243991851807
526,153.11436462402344
527,12.970489501953125
528,-20.50079345703125
529,1.0700448751449585
530,-0.7813532948493958
531,-9.966595649719238
532,1166.29541015625
533,-3.3951807022094727
534,-1.1176029443740845
535,10.7171049118042
536,950.97412109375
537,-16.78544807434082
538,-34650.796875
539,-3908.349853515625
540,4.341065406799316
541,-4361.810546875
542,75.7230224609375
543,2.5867795944213867
544,53.05251693725586
545,-0.17305877804756165
546,-3.6980514526367188
547,-2083.502197265625
548,33.91524887084961
549,1410.611083984375
550,-14.562216758728027
551,9.360506057739258
552,-5.845666885375977
553,-28.528274536132812
554,9.685266494750977
555,6.8023457527160645
556,-3580.767333984375
557,5.4960737228393555
558,0.4875445067882538
559,0.2134900987148285
560,13.037837982177734
561,1.3393312692642212
562,-200.5709991455078
563,2331.175537109375
564,-5604.3681640625
565,-15409.4990234375
566,-6724.83740234375
567,13.091999053955078
568,10.994847297668457
569,-28.62425994873047
570,3.875248432159424
571,-5336.86328125
572,44.09702682495117
573,-12529.291015625
574,1.2565544843673706
575,7860.1787109375
576,-28.526771545410156
577,8.8576021194458
578,-18128.328125
579,0.07371111959218979
580,7.96862268447876
581,8.459888458251953
582,-1846.317626953125
583,1.2034531831741333
584,-8153.26318359375
585,-4949.90576171875
586,-4403.82958984375
587,19.17833137512207
588,15.73189640045166
589,-5.030832767486572
590,-2.597517728805542
591,-11666.8369140625
592,-15.338647842407227
593,9.85645866394043
594,-4043.642822265625
595,6.639482021331787
596,-4737.4599609375
597,922.60906982421875
598,-18.663827896118164
599,463.14874267578125
600,-11018.2392578125
601,-13.350915908813477
602,-9.179811477661133
603,5.344844341278076
604,-5.886984825134277
605,8.185328483581543
606,11.429061889648438
607,-6.900503158569336
608,8.270293235778809
609,-1.20671808719635
610,0.392774373292923
611,-26.68320083618164
612,10.292038917541504
613,-895.35479736328125
614,17.82595443725586
615,-7.543408393859863
616,-6200.16552734375
617,-4.086554527282715
618,-7036.31103515625
619,-19094.47265625
620,-984.92462158203125
621,22.902936935424805
622,130.44094848632812
623,6.440275192260742
624,10.643913269042969
625,6.760436058044434
626,1079.32080078125
627,832.4700927734375
628,4.31772518157959
629,-5777.95068359375
630,-4603.86767578125
631,8.110228538513184
632,4.221408843994141
633,42.82228469848633
634,9.40762710571289
635,-15.67238998413086
636,-9931.4833984375
637,-40.59735870361328
638,-8211.14453125
639,394.3083190917969
640,-5.4741950035095215
641,-23001.568359375
642,-16549.96484375
643,17.476350784301758
644,-3.909947633743286
645,7.2477946281433105
646,-1.0860538482666016
647,-5.535549163818359
648,-19.874717712402344
649,3.479969024658203
650,-6.65540075302124
651,-37.64207077026367
652,-4.776899814605713
653,-10.09967041015625
654,-6309.25048828125
655,-13168.5986328125
656,-31725.599609375
657,32.49763488769531
658,11.708669662475586
659,2.3054704666137695
660,-9.549914360046387
661,-72.829498291015625
662,-5.027894496917725
663,348.38763427734375
664,57.11477279663086
665,-6074.5234375
666,81.20557403564453
667,-10.049306869506836
668,-10.97962474822998
669,-5341.361328125
670,-8952.3515625
671,-11436.1142578125
672,-22.129425048828125
673,2.420517683029175
674,-3498.114501953125
675,3.269087076187134
676,-13.797981262207031
677,-60.08647537231445
678,-7281.38916015625
679,-4.649956703186035
680,1.9321235418319702
681,26.41227912902832
682,0.8371073603630066
683,7.907399654388428
684,-9601.10546875
685,-7385.5517578125
686,34.386253356933594
687,-9.03029727935791
688,0.7404473423957825
689,-6.808065891265869
690,22.126293182373047
691,-7.420231819152832
692,-403.2890930175781
693,-30409.283203125
694,-20282.029296875
695,-15803.5537109375
696,278.16827392578125
697,22.394296646118164
698,12.423295021057129
699,2.379234790802002
700,0.01524326205253601
701,0.6459370851516724
702,0.928528368473053
703,-5.7476348876953125
704,13.696626663208008
705,-2.558250665664673
706,-2761.748779296875
707,-3190.085205078125
708,-4.513169765472412
709,6.694892406463623
710,-20126.75
711,-5.3034234046936035
712,-17810.38671875
713,30.83023452758789
714,10.880939483642578
715,-8.620405197143555
716,14.717595100402832
717,-4.730862140655518
718,24.531442642211914
719,-3663.198974609375
720,-35.23975372314453
721,-136.78871154785156
722,9.3860502243042
723,18.313243865966797
724,-2.8167941570281982
725,14.366113662719727
726,-11854.9111328125
727,11.767555236816406
728,17.14613914489746
729,-2.721118927001953
730,-10.006034851074219
731,-6.310091018676758
732,82.90666198730469
733,-0.8303885459899902
734,-13.105125427246094
735,7.3574018478393555
736,-15612.1845703125
737,9.25679874420166
738,-65.63285064697266
739,3.936211347579956
740,-3.6046769618988037
741,-18.009605407714844
742,-9.306307792663574
743,-15486.248046875
744,1.7098079919815063
745,15.400951385498047
746,-14.220138549804688
747,-6111.7216796875
748,19.247215270996094
749,1.1830257177352905
750,-29.68646240234375
751,-20.73777961730957
752,-7170.638671875
753,-1921.2598876953125
754,0.12435498088598251
755,4.577620983123779
756,4.679367542266846
757,751.4259033203125
758,12.089451789855957
759,-29.12285804748535
760,-1.4836264848709106
761,5.461757659912109
762,-2.6442911624908447
763,2.6282315254211426
764,-0.32773125171661377
765,0.6881272792816162
766,6.480425834655762
767,-53.194847106933594
768,5.944277286529541
769,-9292.4599609375
770,-3.7788116931915283
771,-16.94222640991211
772,-12017.603515625
773,-172.2450714111328
774,-1593.3729248046875
775,-8425.98828125
776,4.147221088409424
777,-5266.18896484375
778,57.3828125
779,-1.8198469877243042
780,-3.3500022888183594
781,6.46535587310791
782,-2.874346971511841
783,-14.924043655395508
784,-218.2002716064453
785,338.718017578125
786,1.0859874486923218
787,3.128234624862671
788,-30.365856170654297
789,-6.641173839569092
790,16.501201629638672
791,-16945.287109375
792,54.289794921875
793,-77.09781646728516
794,-15.985140800476074
795,22.002859115600586
796,-10012.9658203125
797,-7650.29443359375
798,-13.47095775604248
799,74.72932434082031
800,-11.15262222290039
801,-6252.42333984375
802,-41.17305374145508
803,339.7586669921875
804,6.468818187713623
805,-22.200353622436523
806,-17961.15234375
807,-18.088510513305664
808,-6.848013401031494
809,-14.268060684204102
810,19.708789825439453
811,-8396.529296875
812,-10.68806266784668
813,10.577476501464844
814,-21881.1875
815,462.6068115234375
816,-2682.64501953125
817,-1.5201919078826904
818,2.7866973876953125
819,-18997.05078125
820,-3.2335212230682373
821,-19.586774826049805
822,-21861.50390625
823,-9.739130973815918
824,-21.911556243896484
825,11.533475875854492
826,-34211.5625
827,-3.563849449157715
828,-68.329071044921875
829,15.839248657226562
830,1.4928618669509888
831,1345.3690185546875
832,-38.18814468383789
833,-6.977137088775635
834,-10.014481544494629
835,-5.163195610046387
836,-12.988075256347656
837,3205.240478515625
838,-1.4376055002212524
839,-13380.0986328125
840,1.0999280214309692
841,-8.672002792358398
842,-28.250017166137695
843,-15.874669075012207
844,-0.4225739538669586
845,8.687944412231445
846,-2469.21630859375
847,-1.3056195974349976
848,-35.169551849365234
849,3.9417455196380615
850,-4.282068729400635
851,7.905993938446045
852,-10.862842559814453
853,17.246665954589844
854,2.352712869644165
855,-19032.166015625
856,-3041.20654296875
857,-57.5725212097168
858,-10471.6064453125
859,-4.893582820892334
860,-7228.82373046875
861,8.03844165802002
862,-4.364092826843262
863,-8.565673828125
864,2.180911064147949
865,3.3892555236816406
866,-7923.8896484375
867,-0.21846288442611694
868,4.743562698364258
869,4.871969699859619
870,-377.8278503417969
871,1.150443196296692
872,2.3819611072540283
873,-0.6867261528968811
874,-1.2114315032958984
875,-0.7457747459411621
876,34.062774658203125
877,27.677112579345703
878,0.5445240139961243
879,-3.1072418689727783
880,-27.075504302978516
881,8.080761909484863
882,-30.104703903198242
883,-2540.4287109375
884,-10074.15625
885,-2293.969482421875
886,821.6981201171875
887,-12094.4833984375
888,-440.3719482421875
889,7.686905860900879
890,3.468881130218506
891,-3.822359800338745
892,-6250.80126953125
893,-21.8692626953125
894,-6523.78564453125
895,1.0133113861083984
896,5.014983177185059
897,9.484846115112305
898,-3907.988525390625
899,-2.341512441635132
900,-4397.42578125
901,-4275.888671875
902,4.195608615875244
903,3.2256224155426025
904,-7.7215681076049805
905,21.79485511779785
906,14.008027076721191
907,14.097651481628418
908,-2649.3056640625
909,-12.286685943603516
910,-13.010953903198242
911,-7.737782955169678
912,-8249.21484375
913,3.120002269744873
914,-17.206417083740234
915,0.6545761823654175
916,-3289.23876953125
917,-7.5065484046936035
918,-22.1140193939209
919,0.05269481986761093
920,-17294.76953125
921,445.8662109375
922,10.407190322875977
923,-8301.3017578125
924,-3.927011013031006
925,2.879455089569092
926,-41.467376708984375
927,1312.43505859375
928,-7192.2880859375
929,-19.886404037475586
930,-3692.456787109375
931,-16060.75390625
932,-10.168771743774414
933,19.85364532470703
934,-22673.060546875
935,-6932.34619140625
936,-3532.758544921875
937,-6735.6328125
938,-4.87645959854126
939,7.3935699462890625
940,-7833.93701171875
941,0.24693602323532104
942,-10452.6142578125
943,-7424.9033203125
944,5.909875869750977
945,6.171976089477539
946,-0.5367330312728882
947,-2993.147705078125
948,-1.6361521482467651
949,-16079.2041015625
950,4.077350616455078
951,-7.995687961578369
952,-15.415579795837402
953,0.30255231261253357
954,-15787.0400390625
955,4.845946788787842
956,-11.81735897064209
957,-10.265636444091797
958,5.878503322601318
959,-27.616294860839844
960,7.103701591491699
961,-17.09844970703125
962,-8.086833000183105
963,2.5045487880706787
964,-1.2688217163085938
965,5.827127933502197
966,-1.7069506645202637
967,686.80126953125
968,-31.51093101501465
969,-20442.13671875
970,-63.67008972167969
971,7.624459266662598
972,15.271549224853516
973,-4.790767669677734
974,-2.2513279914855957
975,-1088.1007080078125
976,-3.398818254470825
977,4.3850884437561035
978,10.426568031311035
979,-20816.86328125
980,-4384.67578125
981,-1.4233179092407227
982,-5345.12109375
983,53.16636276245117
984,6.603896617889404
985,7.293342113494873
986,-1.1820266246795654
987,-12388.296875
988,786.463134765625
989,8.220107078552246
990,-12.107470512390137
991,-10.188397407531738
992,-19088.40234375
993,-14.760509490966797
994,-16.652938842773438
995,2.7733640670776367
996,-2.3196053504943848
997,-2.4175541400909424
998,-11.709517478942871
999,5.512726783752441
1000,2.576833724975586
1001,-10.920896530151367
1002,-5854.50048828125
1003,5292.9033203125
1004,0.5948076844215393
1005,-4.40803861618042
1006,-6.412637233734131
1007,8.092480659484863
1008,-2596.763427734375
1009,-19.048095703125
1010,-2.1392412185668945
1011,17.485023498535156
1012,4.716968059539795
1013,6.2894673347473145
1014,-6256.70068359375
1015,-2.1189610958099365
1016,7.330286502838135
1017,20.070043563842773
1018,-13.220344543457031
1019,-9.898988723754883
1020,27.43669891357422
1021,-21.6202335357666
1022,-24.59839630126953
1023,5.635297775268555
1024,10.286516189575195
1025,10.588363647460938
1026,7.07625675201416
1027,-1.9547826051712036
1028,17.898849487304688
1029,824.92156982421875
1030,-8.533900260925293
1031,2.232534885406494
1032,11.44352912902832
1033,-22675.271484375
1034,0.6773513555526733
1035,1210.887451171875
1036,2.567087173461914
1037,-15.955223083496094
1038,13.437321662902832
1039,-13775.16796875
1040,13.649328231811523
1041,-16785.712890625
1042,11.633466720581055
1043,-7.4964494705200195
1044,-16034.7509765625
1045,742.38623046875
1046,18.892732620239258
1047,-7564.9833984375
1048,1.9231888055801392
1049,25.615345001220703
1050,-8.319930076599121
1051,54.704044342041016
1052,-10304.140625
1053,-1.7000539302825928
1054,-7.9368791580200195
1055,7.840151309967041
1056,-0.17087560892105103
1057,-1.1888257265090942
1058,-1641.168701171875
1059,3.7370119094848633
1060,-0.41687020659446716
1061,11.076292037963867
1062,468.8567199707031
1063,-2648.072998046875
1064,2.4809796810150146
1065,0.774986743927002
1066,-0.7314428687095642
1067,-3445.075439453125
1068,1.2039440870285034
1069,-8.469465255737305
1070,-7.326141357421875
1071,10.102310180664062
1072,-3.987184762954712
1073,-21.110633850097656
1074,-5420.80078125
1075,-0.9946436882019043
1076,-2.8618083000183105
1077,-10188.3173828125
1078,-5.08493709564209
1079,-1.7977120876312256
1080,-699.0958251953125
1081,6.18019437789917
1082,2.7195823192596436
1083,168.55345153808594
1084,3.4192917346954346
1085,-0.490075945854187
1086,-11626.8251953125
1087,-14.66566276550293
1088,3.335175037384033
1089,5.578014373779297
1090,-1898.2579345703125
1091,-23.44553565979004
1092,934.0997314453125
1093,7.434378147125244
1094,540.88385009765625
1095,6.5672221183776855
1096,5.144240379333496
1097,2.0346126556396484
1098,508.4920959472656
1099,-6.925198078155518
1100,6.042240619659424
1101,4.212267875671387
1102,-4.04269552230835
1103,-15220.7255859375
1104,13.344064712524414
1105,-2.179182767868042
1106,-10443.9228515625
1107,-4479.20068359375
1108,-31.557479858398438
1109,8.935090065002441
1110,-2.9898571968078613
1111,-11.069758415222168
1112,-5638.55419921875
1113,-9431.6953125
1114,-4188.5361328125
1115,6.097699165344238
1116,13.078914642333984
1117,-30.012968063354492
1118,-8.796603202819824
1119,-1115.60009765625
1120,10.559476852416992
1121,-18184.251953125
1122,-3.496466636657715
1123,-5.589718818664551
1124,-5050.4794921875
1125,-2817.513671875
1126,4.511792182922363
1127,24.428070068359375
1128,-7214.0283203125
1129,-5.376523971557617
1130,-1.8746654987335205
1131,-18.192378997802734
1132,11.333088874816895
1133,10.599225044250488
1134,-2.6694793701171875
1135,21.74587059020996
1136,-19.349014282226562
1137,-15.411543846130371
1138,-11676.703125
1139,-5976.97509765625
1140,-2880.59033203125
1141,-4.6812238693237305
1142,-3224.216796875
1143,60.07084274291992
1144,-8.411858558654785
1145,8.407133102416992
1146,-23.685592651367188
1147,-6.5366339683532715
1148,11.546497344970703
1149,-2.3856489658355713
1150,2.0388388633728027
1151,-994.362060546875
1152,6.9182658195495605
1153,6.813333034515381
1154,4.783111095428467
1155,4098.2158203125
1156,-2.345500946044922
1157,-28.239526748657227
1158,18.75963020324707
1159,3.9086477756500244
1160,5.690812587738037
1161,-10920.2587890625
1162,-3556.35693359375
1163,1.583572506904602
1164,0.11391349881887436
1165,19.330385208129883
1166,-2582.501953125
1167,3.6682393550872803
1168,-18.522249221801758
1169,-4193.69921875
1170,2.2531509399414062
1171,22.807172775268555
1172,-5609.95947265625
1173,-14.502511978149414
1174,1500.5592041015625
1175,47.543277740478516
1176,-5.982324123382568
1177,-23988.408203125
1178,-6604.15380859375
1179,-15426.6611328125
1180,-4170.49609375
1181,722.426513671875
1182,23.156190872192383
1183,-3217.796630859375
1184,15.867947578430176
1185,-4952.78759765625
1186,1.475421667098999
1187,112.7022705078125
1188,-13540.3203125
1189,-5.297482490539551
1190,-7.48717737197876
1191,-7156.51904296875
1192,-3.7557406425476074
1193,-2.191434383392334
1194,11.489765167236328
1195,4.374147891998291
1196,-4571.978515625
1197,3.932250499725342
1198,5.553599834442139
1199,-3089.891357421875
1200,-1404.373046875
1201,7.316263675689697
1202,-393.36138916015625
1203,0.3451476991176605
1204,-5633.7587890625
1205,-0.852689266204834
1206,-41.952632904052734
1207,-6.779201984405518
1208,-8.344489097595215
1209,6.175533771514893
1210,4.244819641113281
1211,-2614.33154296875
1212,-12.219040870666504
1213,-13.576885223388672
1214,14.012080192565918
1215,-30.576778411865234
1216,-18207.87109375
1217,-2138.281982421875
1218,-986.3974609375
1219,-0.3777299225330353
1220,55.32823181152344
1221,0.7181792855262756
1222,-501.36419677734375
1223,57.00263214111328
1224,-3546.330322265625
1225,12.676933288574219
1226,-11174.5009765625
1227,-30.917673110961914
1228,-17253.71875
1229,-381.74163818359375
1230,930.57904052734375
1231,-49.99306106567383
1232,7.150875568389893
1233,-12.080218315124512
1234,-3174.981689453125
1235,5.090736389160156
1236,-8.230695724487305
1237,-23.232650756835938
1238,6.219284534454346
1239,25.644710540771484
1240,427.57208251953125
1241,-0.3525393009185791
1242,5.566375255584717
1243,2.900644063949585
1244,1.6286371946334839
1245,5.067148208618164
1246,-3.9881913661956787
1247,10.90182113647461
1248,-14.136195182800293
1249,-17.727943420410156
1250,-2583.575439453125
1251,-15674.75
1252,7.724771976470947
1253,3.1885383129119873
1254,0.32126954197883606
1255,80.55522155761719
1256,-71.81771087646484
1257,-159.5975341796875
1258,-11516.685546875
1259,-24413.599609375
1260,-27969.515625
1261,-5526.57470703125
1262,-7.335434436798096
1263,-27296.201171875
1264,25.096817016601562
1265,-2.2684948444366455
1266,-2647.39453125
1267,-95.5592269897461
1268,7.729117393493652
1269,5.832241058349609
1270,388.7633972167969
1271,-20.49004554748535
1272,20.41752052307129
1273,-11.157983779907227
1274,-16921.341796875
1275,-14.615802764892578
1276,-121.16511535644531
1277,25.067554473876953
1278,-2.486084222793579
1279,-7251.59765625
1280,-0.2291417419910431
1281,26.28856658935547
1282,-14425.525390625
1283,-13.8020601272583
1284,27.2511043548584
1285,-0.9977375268936157
1286,4.390459060668945
1287,-7988.6962890625
1288,6.830834865570068
1289,0.06496835500001907
1290,-9.300342559814453
1291,-1852.8084716796875
1292,12.042116165161133
1293,2.9371840953826904
1294,9.017352104187012
1295,3.049393653869629
1296,-9.951495170593262
1297,-9.587903022766113
1298,9.6494140625
1299,-4234.58203125
1300,-2724.9736328125
1301,-4196.298828125
1302,11.761404037475586
1303,1.807976245880127
1304,-2.2559282779693604
1305,-7.818338394165039
1306,8.904292106628418
1307,-11.351117134094238
1308,-60.5949592590332
1309,11.984304428100586
1310,-3.637925148010254
1311,33.80225372314453
1312,217.90798950195312
1313,-21341.41796875
1314,4.45660400390625
1315,-1783.632080078125
1316,-16.518510818481445
1317,-67.11812591552734
1318,-17379.833984375
1319,8.32820987701416
1320,-111.41271209716797
1321,-22854.400390625
1322,-15.675347328186035
1323,13.603574752807617
1324,-42.632713317871094
1325,55.487796783447266
1326,-3.6475284099578857
1327,-14.420442581176758
1328,-3027.09765625
1329,-13.29530143737793
1330,-9.28943920135498
1331,7.498559474945068
1332,53.25894546508789
1333,-7.931178092956543
1334,3.476724863052368
1335,-42.46992874145508
1336,-13.396183013916016
1337,-5980.05615234375
1338,-19.698881149291992
1339,1.084955096244812
1340,-22.096345901489258
1341,1.3292778730392456
1342,-0.37349820137023926
1343,-12803.708984375
1344,-9.214546203613281
1345,-12279.63671875
1346,-2.797258138656616
1347,-24.96607208251953
1348,-2.0339176654815674
1349,-8720.388671875
1350,3.168009042739868
1351,-12.393694877624512
1352,-16655.158203125
1353,-10.157835960388184
1354,286.8402404785156
1355,-262.6069641113281
1356,15.020447731018066
1357,433.2293701171875
1358,-13958.69140625
1359,-4.673945903778076
1360,-12535.9306640625
1361,-3.1401283740997314
1362,-3155.27978515625
1363,-19.576007843017578
1364,-8.363029479980469
1365,18.37528419494629
1366,-12501.7373046875
1367,-6.67059326171875
1368,-9.440940856933594
1369,6.963431358337402
1370,-1356.19091796875
1371,-4802.671875
1372,-5235.8916015625
1373,11.379073143005371
1374,-20.58800506591797
1375,-7.921541213989258
1376,3.662973403930664
1377,-45.524593353271484
1378,-12182.533203125
1379,283.176025390625
1380,10.356922149658203
1381,15.498760223388672
1382,-3288.89111328125
1383,14.981537818908691
1384,4.891422748565674
1385,13.883095741271973
1386,26.574161529541016
1387,-2676.28271484375
1388,-7257.97607421875
1389,-2.294241428375244
1390,-3.7605276107788086
1391,-4576.18017578125
1392,-12.408241271972656
1393,2.068458318710327
1394,3.200662136077881
1395,-7.543637752532959
1396,-4.280926704406738
1397,11.51269817352295
1398,11.43423843383789
1399,-11.945239067077637
1400,-19.396915435791016
1401,1463.3953857421875
1402,3.644479274749756
1403,-3615.083740234375
1404,0.06965147703886032
1405,2.8057262897491455
1406,177.1383819580078
1407,-10.625211715698242
1408,-17.148670196533203
1409,-24.696435928344727
1410,-8679.65625
1411,-3.091841220855713
1412,6.36623477935791
1413,-1822.58935546875
1414,-25.93072509765625
1415,3.5163559913635254
1416,-0.41279318928718567
1417,-3396.3837890625
1418,-0.020865686237812042
1419,-2517.840087890625
1420,12.591349601745605
1421,-1.5306748151779175
1422,5.5370402336120605
1423,3293.0703125
1424,-1021.2120361328125
1425,1692.354248046875
1426,25.017963409423828
1427,-3302.797119140625
1428,11.102760314941406
1429,1269.942138671875
1430,-3614.548828125
1431,-9.023853302001953
1432,5.6776628494262695
1433,4.842872142791748
1434,53.740474700927734
1435,-11234.5244140625
1436,-19224.333984375
1437,1.2839452028274536
1438,-3715.058349609375
1439,-5052.630859375
1440,6.5762553215026855
1441,-9581.1279296875
1442,7.157646656036377
1443,2.8903350830078125
1444,-0.39112114906311035
1445,4.172631740570068
1446,-14.365816116333008
1447,-4.948122501373291
1448,-2.2403132915496826
1449,1.2454742193222046
1450,5.264931678771973
1451,-25.130599975585938
1452,4.093202114105225
1453,-1345.4488525390625
1454,-3191.6728515625
1455,-21.44226837158203
1456,-3023.582763671875
1457,11.196873664855957
1458,0.09732585400342941
1459,-0.26272639632225037
1460,-5349.0654296875
1461,18.67641830444336
1462,3.3699026107788086
1463,-3.2386879920959473
1464,48.92961502075195
1465,22.05306053161621
1466,4.790473937988281
1467,-3389.143310546875
1468,-4184.404296875
1469,-1435.878173828125
1470,-2.835226535797119
1471,-7528.0068359375
1472,10.094080924987793
1473,4.03673791885376
1474,-3.085693359375
1475,13.270901679992676
1476,-3471.647705078125
1477,-5278.23046875
1478,0.36772415041923523
1479,5.659316062927246
1480,-4.663117408752441
1481,9.920663833618164
1482,-1.6967381238937378
1483,-1873.9005126953125
1484,4.015291690826416
1485,-8.146166801452637
1486,10.260567665100098
1487,-8535.341796875
1488,-7.522021293640137
1489,11.847493171691895
1490,-7951.85693359375
1491,88.76124572753906
1492,-2843.437255859375
1493,-18.899438858032227
1494,11.15849781036377
1495,-333.9433288574219
1496,-13712.8095703125
1497,-895.83721923828125
1498,7.762485027313232
1499,-11039.576171875
1500,302.09869384765625
1501,-6380.568359375
1502,3.7458362579345703
1503,2.8511528968811035
1504,-26.602663040161133
1505,2.7655999660491943
1506,-6099.9873046875
1507,9.839363098144531
1508,-482.77777099609375
1509,707.97296142578125
1510,860.35980224609375
1511,41.277679443359375
1512,10.107294082641602
1513,-3.6365723609924316
1514,-42.43506622314453
1515,12.72261905670166
1516,-4.695072174072266
1517,-5.954415798187256
1518,53.42157745361328
1519,4.0377326011657715
1520,-1.8612974882125854
1521,-2707.6806640625
1522,-6.063316345214844
1523,774.9102783203125
1524,3.9074952602386475
1525,-14858.6123046875
1526,-546.52667236328125
1527,0.554334282875061
1528,596.203369140625
1529,-7.454562187194824
1530,25.774009704589844
1531,304.25408935546875
1532,-6.113469123840332
1533,4.653629302978516
1534,-10.491711616516113
1535,6.8490519523620605
1536,-4614.6650390625
1537,-115.18399047851562
1538,20.01344108581543
1539,-641.89093017578125
1540,-58.250030517578125
1541,-5508.21533203125
1542,-3660.307861328125
1543,25.29167366027832
1544,11.279804229736328
1545,-0.1683167815208435
1546,-29387.755859375
1547,-8.838262557983398
1548,8.06493091583252
1549,8.46338939666748
1550,-10.787240028381348
1551,-8808.748046875
1552,-13.014532089233398
1553,-2499.068359375
1554,-18527.080078125
1555,-1275.653076171875
1556,-40.455535888671875
1557,-9.957408905029297
1558,-30049.173828125
1559,2.0212559700012207
1560,9.217937469482422
1561,-8.136920928955078
1562,3.1533360481262207
1563,18.081924438476562
1564,16.563079833984375
1565,1.2458010911941528
1566,-38.707096099853516
1567,4.5653510093688965
1568,0.6327721476554871
1569,-13.38314437866211
1570,-3.253002882003784
1571,-4100.0654296875
1572,-13977.5263671875
1573,-4792.37548828125
1574,-5.219991207122803
1575,-1.5752211809158325
1576,2.8415138721466064
1577,7.546193599700928
1578,-12.539896011352539
1579,4.195785999298096
1580,-8436.69140625
1581,-5.4592509269714355
1582,-14.261480331420898
1583,-13.848607063293457
1584,-9.231057167053223
1585,23.583749771118164
1586,-7448.44482421875
1587,11.721941947937012
1588,8.660322189331055
1589,11.338801383972168
1590,-6357.0654296875
1591,-29.280258178710938
1592,-6.3463239669799805
1593,-12577.83203125
1594,-21125.142578125
1595,-20.002460479736328
1596,-9347.9658203125
1597,-2.1992039680480957
1598,-5884.4072265625
1599,-1059.719482421875
1600,5.301113128662109
1601,12.641390800476074
1602,-4382.69677734375
1603,5.667927265167236
1604,14.820219993591309
1605,12.039986610412598
1606,28.671676635742188
1607,-3.053316831588745
1608,2.1438968181610107
1609,3.5702829360961914
1610,15.248835563659668
1611,-12977.1708984375
1612,-0.06885778903961182
1613,-5077.60693359375
1614,-3321.5380859375
1615,3114.137451171875
1616,-4.936403274536133
1617,-2.904171943664551
1618,-17977.3515625
1619,-3.8180184364318848
1620,31.193574905395508
1621,-27203.013671875
1622,-9.403658866882324
1623,-422.5696105957031
1624,-39.67151641845703
1625,-1729.129638671875
1626,11.451004981994629
1627,25.6995849609375
1628,-1609.501953125
1629,-13798.1220703125
1630,10.970911026000977
1631,-9.258759498596191
1632,3.3524770736694336
1633,5.189383506774902
1634,-1.1532660722732544
1635,-27844.98046875
1636,-8.728681564331055
1637,-4.165694236755371
1638,-5918.16796875
1639,6.007540225982666
1640,-15656.7060546875
1641,-4874.4697265625
1642,-1.0284006595611572
1643,0.5440402626991272
1644,2345.736328125
1645,21.62441635131836
1646,1.3730403184890747
1647,1.3348554372787476
1648,1.736175298690796
1649,6.524931907653809
1650,-4.563345909118652
1651,-6359.3642578125
1652,-15937.8515625
1653,-4484.7353515625
1654,-13138.10546875
1655,-2.4675467014312744
1656,-4.957252502441406
1657,2.6800756454467773
1658,2.336338758468628
1659,-1.2809648513793945
1660,2.198169231414795
1661,9.16943645477295
1662,1.521170973777771
1663,6.482614517211914
1664,-0.46950259804725647
1665,9.345192909240723
1666,-11229.921875
1667,-15532.8349609375
1668,-21.776355743408203
1669,-1.3055392503738403
1670,7.388262748718262
1671,-1723.5501708984375
1672,-6512.212890625
1673,-5879.4873046875
1674,-1608.83251953125
1675,18.009281158447266
1676,-2.4557442665100098
1677,-234.91262817382812
1678,9.264698028564453
1679,-13505.8369140625
1680,-8.88570785522461
1681,36.63032531738281
1682,-4.537240028381348
1683,-18.40180206298828
1684,10.73881721496582
1685,6.609731674194336
1686,9.615338325500488
1687,11.63172435760498
1688,-10.81265640258789
1689,-37.800086975097656
1690,-0.16503211855888367
1691,-6.942680835723877
1692,-3345.084716796875
1693,-1.3598088026046753
1694,-7439.865234375
1695,-848.73248291015625
1696,-6.593913555145264
1697,2455.633056640625
1698,-0.8070655465126038
1699,14.759027481079102
1700,-2449.849609375
1701,14.782133102416992
1702,5.541630744934082
1703,-5498.67138671875
1704,-13.662237167358398
1705,1.092764139175415
1706,-34407.72265625
1707,5.557027339935303
1708,-2511.061767578125
1709,-4.648200035095215
1710,4.253811836242676
1711,-3371.5771484375
1712,2.678252696990967
1713,0.6372989416122437
1714,-0.3089917004108429
1715,-3833.6611328125
1716,-9.537532806396484
1717,-9468.873046875
1718,-6248.05615234375
1719,-56.082088470458984
1720,40.69682312011719
1721,-3775.416259765625
1722,83.66170501708984
1723,-1398.8839111328125
1724,-19526.337890625
1725,-5502.36962890625
1726,6.715771675109863
1727,6.377657890319824
1728,33.393882751464844
1729,-1.0417735576629639
1730,173.79058837890625
1731,0.08008786290884018
1732,1487.6424560546875
1733,0.4643850028514862
1734,1.0024220943450928
1735,-3.9339849948883057
1736,-26148.212890625
1737,-2.358685255050659
1738,-10.288978576660156
1739,-0.8421489000320435
1740,-10.834383010864258
1741,-6.123591423034668
1742,-3488.80029296875
1743,425.4618835449219
1744,637.718994140625
1745,12.970312118530273
1746,0.8814852237701416
1747,-6.4008612632751465
1748,-1076.4322509765625
1749,-2326.66455078125
1750,-1094.166748046875
1751,-8.728372573852539
1752,-6.1091437339782715
1753,34.745174407958984
1754,12.161666870117188
1755,13.565142631530762
1756,-1.2911971807479858
1757,-3117.003173828125
1758,-44.262264251708984
1759,-8.541224479675293
1760,18.343965530395508
1761,7.1725850105285645
1762,-4.125510215759277
1763,-14.203726768493652
1764,-5216.78271484375
1765,3.559713363647461
1766,0.08734317868947983
1767,-15.532537460327148
1768,-24106.279296875
1769,-994.0579833984375
1770,13.547855377197266
1771,-9121.80859375
1772,-3.7430851459503174
1773,18.479089736938477
1774,-1.5295251607894897
1775,12.04043197631836
1776,-51.648597717285156
1777,-27884.7734375
1778,11.251899719238281
1779,0.1797727644443512
1780,-0.43771496415138245
1781,-6973.72802734375
1782,-8047.37646484375
1783,-8692.8876953125
1784,-4425.2373046875
1785,5.613617897033691
1786,12.899164199829102
1787,-45.04082107543945
1788,-22164.021484375
1789,-0.5676127076148987
1790,662.908203125
1791,-6436.07958984375
1792,-2.7713782787323
1793,-15705.95703125
1794,-5025.0361328125
1795,-16.30706787109375
1796,-18919.595703125
1797,5.058961868286133
1798,-6130.04443359375
1799,6.170325756072998
1800,-4291.25146484375
1801,6.127585411071777
1802,15.303799629211426
1803,7.88297176361084
1804,7.92471170425415
1805,-1.3082011938095093
1806,-2234.646240234375
1807,8.420689582824707
1808,17.28191375732422
1809,-5427.53759765625
1810,-3622.929931640625
1811,-0.4679267406463623
1812,2.730393886566162
1813,-3.3554091453552246
1814,-1.0134518146514893
1815,15.94706916809082
1816,-31.318904876708984
1817,-4933.50732421875
1818,5.253087997436523
1819,-10.630317687988281
1820,4.393575668334961
1821,13.763689994812012
1822,8.007306098937988
1823,-3741.9140625
1824,1.9369231462478638
1825,-3675.920166015625
1826,-9134.951171875
1827,3.4743144512176514
1828,-6506.50244140625
1829,4.324573516845703
1830,-13014.4833984375
1831,16.91353988647461
1832,-16.948394775390625
1833,2400.285400390625
1834,0.5305625200271606
1835,-75.7346420288086
1836,28.510211944580078
1837,-95.532501220703125
1838,12.435578346252441
1839,-33818.2421875
1840,-14.577821731567383
1841,3.7907097339630127
1842,-0.9963251948356628
1843,-7779.57470703125
1844,-3102.583251953125
1845,-7.330994129180908
1846,9.86805248260498
1847,-7408.00341796875
1848,-20.460586547851562
1849,2.548163652420044
1850,-11587.6845703125
1851,16.446285247802734
1852,-12225.5361328125
1853,1.5903548002243042
1854,-0.8897680044174194
1855,-6.729135513305664
1856,-2283.726318359375
1857,-279.4541320800781
1858,-13295.2333984375
1859,8.311610221862793
1860,-1.9252302646636963
1861,-5.905288219451904
1862,-1.4921326637268066
1863,-3148.110107421875
1864,2.114224433898926
1865,-10708.6748046875
1866,-1617.3294677734375
1867,4.895910739898682
1868,-34.315940856933594
1869,-0.03945910930633545
1870,24.859630584716797
1871,-8.7737398147583
1872,-1.4074970483779907
1873,-3254.751708984375
1874,1.2589987516403198
1875,-9652.939453125
1876,-34.70659255981445
1877,4.849099159240723
1878,-5897.78955078125
1879,-907.13128662109375
1880,-13.705513954162598
1881,-1.8625298738479614
1882,-10.982115745544434
1883,-6857.9921875
1884,-14.527551651000977
1885,-4.1336493492126465
1886,2.4656870365142822
1887,-941.41796875
1888,-14088.498046875
1889,-41.80691146850586
1890,-2923.580810546875
1891,-30706.857421875
1892,-170.6199951171875
1893,-13.025959968566895
1894,-2168.198974609375
1895,17.097335815429688
1896,-3.909461736679077
1897,-7955.201171875
1898,4.885432720184326
1899,-15977.2275390625
1900,-4629.79736328125
1901,835.88885498046875
1902,3.6729557514190674
1903,1.4870790243148804
1904,-7695.7587890625
1905,-2258.364501953125
1906,-0.6971043944358826
1907,-7.397800445556641
1908,-10927.62109375
1909,-4.747337818145752
1910,-1.9689197540283203
1911,-5921.63232421875
1912,-212.31045532226562
1913,-0.18292492628097534
1914,-19.801279067993164
1915,-7.4483795166015625
1916,-17150.20703125
1917,1.0967179536819458
1918,-2668.572998046875
1919,-7568.57568359375
1920,17.280715942382812
1921,-42.98820114135742
1922,4.352222919464111
1923,-2729.791015625
1924,-0.10226050764322281
1925,-33.57140350341797
1926,2.3996660709381104
1927,-4869.94091796875
1928,11.772283554077148
1929,-6973.7587890625
1930,-2884.872802734375
1931,-15.493367195129395
1932,-2037.9324951171875
1933,-5.79042911529541
1934,-17.488059997558594
1935,1906.693359375
1936,17.70906639099121
1937,-1.5910953283309937
1938,8.389488220214844
1939,-8656.21484375
1940,29.537776947021484
1941,-5596.3251953125
1942,15.241907119750977
1943,-18.718873977661133
1944,-21.10384178161621
1945,-3766.6962890625
1946,-15348.7470703125
1947,17.313493728637695
1948,7.954860210418701
1949,-5.178627014160156
1950,-7.420326232910156
1951,-14.056187629699707
1952,-3815.590087890625
1953,-5.755416393280029
1954,-6468.08056640625
1955,-10716.1171875
1956,-0.4727022647857666
1957,4.177624702453613
1958,-1.1053166389465332
1959,-1.7901363372802734
1960,-22.521726608276367
1961,542.11309814453125
1962,983.4830322265625
1963,2.4596056938171387
1964,-11.89754581451416
1965,-13.823781967163086
1966,4.555393218994141
1967,-28.92961883544922
1968,-25.699434280395508
1969,-32.575439453125
1970,-4441.8193359375
1971,-52.809200286865234
1972,17.183679580688477
1973,4.3222975730896
1974,-6.8250274658203125
1975,-4488.6884765625
1976,-13123.296875
1977,-11842.6484375
1978,18.49437713623047
1979,-26.96904182434082
1980,-6.670693397521973
1981,-15649.8984375
1982,122.9213638305664
1983,-36122.29296875
1984,11.65956974029541
1985,10.744505882263184
1986,1.0538344383239746
1987,-13.337998390197754
1988,3.071443557739258
1989,0.41644182801246643
1990,-6.401790142059326
1991,1.992174506187439
1992,-0.07641253620386124
1993,3.0501179695129395
1994,-6090.96484375
1995,-11.642112731933594
1996,-7.837834358215332
1997,-1041.702880859375
1998,6.36380672454834
1999,-10.93879222869873
2000,12.864876747131348
2001,0.8427591323852539
2002,4.705540180206299
2003,-15.081565856933594
2004,5.372367858886719
2005,11.14283561706543
2006,3.763702392578125
2007,-7.866316795349121
2008,-7737.61669921875
2009,116.76094055175781
2010,6.644686698913574
2011,-38031.21875
2012,-19.06778335571289
2013,7.082006454467773
2014,79.38196563720703
2015,12.437565803527832
2016,4.098758697509766
2017,-14.62666130065918
2018,-3569.559814453125
2019,-19868.404296875
2020,-3.4454472064971924
2021,-15618.587890625
2022,-10687.9658203125
2023,-7.825767993927002
2024,-0.5592350363731384
2025,-50.76922607421875
2026,3.696758508682251
2027,7.273841381072998
2028,19.693510055541992
2029,-13.672450065612793
2030,-1630.4254150390625
2031,-3.994506597518921
2032,-5870.92138671875
2033,-14760.3564453125
2034,-27128.91796875
2035,-11.012635231018066
2036,-5.067741870880127
2037,-425.9748229980469
2038,19.98887825012207
2039,20.092763900756836
2040,2.493633985519409
2041,4.164440155029297
2042,6.318517684936523
2043,-2.765684127807617
2044,-24.86366844177246
2045,5.516536235809326
2046,-483.2801208496094
2047,-88.78728485107422
2048,-143.8201141357422
2049,689.50506591796875
2050,-2440.809326171875
2051,2.0945944786071777
2052,5.725541591644287
2053,13.728212356567383
2054,-4307.783203125
2055,-9.920574188232422
2056,-13663.2841796875
2057,-18.99822235107422
2058,-24389.7109375
2059,-0.8182082176208496
2060,2.999993085861206
2061,-21.82103157043457
2062,2.809584856033325
2063,-120.86004638671875
2064,5.109302520751953
2065,-11140.18359375
2066,-6.654752254486084
2067,-5835.0439453125
2068,9.953712463378906
2069,-8.032692909240723
2070,3.180001974105835
2071,-4921.59130859375
2072,-10509.2421875
2073,4.222135066986084
2074,12.246670722961426
2075,-6.287991523742676
2076,350.23748779296875
2077,-14.577714920043945
2078,-1.6261790990829468
2079,-6.379207611083984
2080,-2.2152762413024902
2081,-27.711654663085938
2082,4.391284942626953
2083,-15.214973449707031
2084,-82.39130401611328
2085,-6.5531086921691895
2086,15.428275108337402
2087,-2.684500217437744
2088,16.65312957763672
2089,-14.84472370147705
2090,361.1819763183594
2091,-9483.6318359375
2092,-3.3825395107269287
2093,-24.587356567382812
2094,21.002378463745117
2095,10.798312187194824
2096,-10.756034851074219
2097,9.020894050598145
2098,34.58370590209961
2099,7.034539222717285
2100,-1.9512248039245605
2101,7.187477111816406
2102,-7128.6708984375
2103,-6049.6259765625
2104,10.072534561157227
2105,-4542.97998046875
2106,296.9843444824219
2107,15.37482738494873
2108,11.961907386779785
2109,-2.4511594772338867
2110,-11136.7939453125
2111,-11473.26953125
2112,-5.532098770141602
2113,7.929827690124512
2114,-13769.0263671875
2115,-7.145508289337158
2116,-16.802032470703125
2117,-4.574548721313477
2118,-30.470985412597656
2119,16.820737838745117
2120,35.43940734863281
2121,-1.0922385454177856
2122,10.10817813873291
2123,-22.845134735107422
2124,15.054828643798828
2125,-12654.2802734375
2126,-550.427978515625
2127,8.2277984619140625
2128,-10801.9931640625
2129,15.051244735717773
2130,-5.028041839599609
2131,0.14072081446647644
2132,1.7279495000839233
2133,-1.5438904762268066
2134,-7.587673664093018
2135,7.876655578613281
2136,-9868.96875
2137,-14000.29296875
2138,-29.3955020904541
2139,-31.201683044433594
2140,-11.469986915588379
2141,6.559823036193848
2142,2.974275827407837
2143,5.498939514160156
2144,-0.7381151914596558
2145,-6.511618614196777
2146,-3.1597492694854736
2147,-6951.98828125
2148,-5448.99267578125
2149,-0.8029196262359619
2150,-668.683349609375
2151,-10177.94140625
2152,-4008.38671875
2153,6.0422892570495605
2154,-31308.91796875
2155,-5.371556758880615
2156,-15.892786979675293
2157,-8.560469627380371
2158,-8853.609375
2159,-16.13996696472168
2160,7.602842807769775
2161,2.724623680114746
2162,16.349205017089844
2163,80.32313537597656
2164,0.1059967577457428
2165,-9.79609203338623
2166,-12.130765914916992
2167,4.440608978271484
2168,-17307.669921875
2169,-1.532892107963562
2170,8.584372520446777
2171,-69.6737060546875
2172,-3.6552348136901855
2173,-6.536332607269287
2174,-11412.4296875
2175,16.98484992980957
2176,0.15955403447151184
2177,-3.7797844409942627
2178,-4.595797538757324
2179,13.952863693237305
2180,5.874849319458008
2181,11.857061386108398
2182,-11699.4951171875
2183,4.2818074226379395
2184,14.232452392578125
2185,-30.271589279174805
2186,-1.3201409578323364
2187,-10.556509971618652
2188,5356.83154296875
2189,-2057.096923828125
2190,-5.540445804595947
2191,12.03199291229248
2192,-9109.49609375
2193,-11.034613609313965
2194,-3287.77490234375
2195,144.52320861816406
2196,-14.451241493225098
2197,10.175929069519043
2198,0.7453823685646057
2199,20.683914184570312
2200,3.4786336421966553
2201,-1626.134521484375
2202,0.15137945115566254
2203,-8604.8623046875
2204,1.0460532903671265
2205,-93.76417541503906
2206,2.1092164516448975
2207,9.413138389587402
2208,41.057838439941406
2209,5.815721035003662
2210,1.9146920442581177
2211,-6.940375804901123
2212,5.19583797454834
2213,-9099.7119140625
2214,-6.066103935241699
2215,-21.50654411315918
2216,-50.67781448364258
2217,9.465564727783203
2218,-23.547847747802734
2219,-4534.4130859375
2220,2.1108553409576416
2221,49.590415954589844
2222,-22.206993103027344
2223,9.557251930236816
2224,1.8121346235275269
2225,9.387558937072754
2226,-46.555755615234375
2227,-5625.154296875
2228,-15.34784984588623
2229,6.792780876159668
2230,-41.59983444213867
2231,-2858.68505859375
2232,10.090821266174316
2233,-12073.1376953125
2234,7.451170921325684
2235,7.34417200088501
2236,-26628.908203125
2237,4.181340217590332
2238,0.7541196942329407
2239,-20.461183547973633
2240,6.163002014160156
2241,1.7034356594085693
2242,-789.50537109375
2243,-2.812178611755371
2244,101.65542602539062
2245,2.483938455581665
2246,27.737934112548828
2247,1288.8477783203125
2248,5.796439170837402
2249,-5010.54736328125
2250,-16.579591751098633
2251,14.562703132629395
2252,2.266801595687866
2253,320.5309753417969
2254,-8070.9267578125
2255,126.70708465576172
2256,2.546675443649292
2257,-17629.37890625
2258,-4.913222789764404
2259,-0.5366722345352173
2260,8.399025917053223
2261,2.941046953201294
2262,-5501.87060546875
2263,-4.657003879547119
2264,4.501343250274658
2265,-2.3100745677948
2266,-4.99520206451416
2267,-14.285834312438965
2268,-48.415103912353516
2269,-14.328042030334473
2270,16.621606826782227
2271,9.540762901306152
2272,-2.4097466468811035
2273,8.1450042724609375
2274,-36193.9375
2275,-7.918427467346191
2276,-17673.056640625
2277,3.21549129486084
2278,-8651.2763671875
2279,-2343.037353515625
2280,3.5896575450897217
2281,-4.095297336578369
2282,-3616.046875
2283,-3.4240171909332275
2284,-6.065921306610107
2285,656.95794677734375
2286,-12.051033973693848
2287,3.658076047897339
2288,-19.043771743774414
2289,5.981159210205078
2290,-1323.4764404296875
2291,1714.1026611328125
2292,-16.309358596801758
2293,1.4899436235427856
2294,-8.378995895385742
2295,-4645.69189453125
2296,-6.260885238647461
2297,-11.59947681427002
2298,19.146875381469727
2299,4.377364158630371
2300,-7.608365058898926
2301,-123.6217269897461
2302,-6.800706386566162
2303,-116.83556365966797
2304,-13974.6552734375
2305,-8.879450798034668
2306,-3571.030029296875
2307,-3.6221203804016113
2308,-2.7811646461486816
2309,-14.07475471496582
2310,12.322674751281738
2311,-2963.963623046875
2312,-7121.10107421875
2313,-19.48850440979004
2314,4.236217021942139
2315,-25762.8203125
2316,17.04982566833496
2317,27.955886840820312
2318,-13.574938774108887
2319,675.8560791015625
2320,-12.751290321350098
2321,-1.1330052614212036
2322,-13.60440731048584
2323,-0.8376627564430237
2324,6.821346759796143
2325,-0.17617660760879517
2326,8.927922248840332
2327,-4715.994140625
2328,-8.006251335144043
2329,1.9886555671691895
2330,-1.7084163427352905
2331,-12.420723915100098
2332,18.246244430541992
2333,17.037700653076172
2334,-2582.177734375
2335,-18.431724548339844
2336,3345.18896484375
2337,-20794.22265625
2338,5.474890232086182
2339,-17.473230361938477
2340,-17.510587692260742
2341,-11.65020751953125
2342,-3811.775146484375
2343,-5277.77734375
2344,-13.832070350646973
2345,-0.09681782871484756
2346,-10131.23046875
2347,3.8267626762390137
2348,2.51324725151062
2349,358.33489990234375
2350,-13.758461952209473
2351,9.935965538024902
2352,-10043.65234375
2353,8.964510917663574
2354,-1483.491943359375
2355,2.8222906589508057
2356,-2262.502197265625
2357,-32192.748046875
2358,-6.728188991546631
2359,-8137.7841796875
2360,8.153404235839844
2361,-0.6364561319351196
2362,-5.9218902587890625
2363,-18367.720703125
2364,-6.9497504234313965
2365,-5.760453224182129
2366,-17.779544830322266
2367,36.22333908081055
2368,-3.6964268684387207
2369,-7.682796001434326
2370,-1810.2781982421875
2371,-3579.03662109375
2372,-11585.1181640625
2373,3.0904109477996826
2374,-5.837766647338867
2375,-8793.9365234375
2376,-1498.7425537109375
2377,9.253715515136719
2378,-1940.783203125
2379,-0.17820164561271667
2380,18.00674819946289
2381,8.967388153076172
2382,-3109.4453125
2383,0.3579326570034027
2384,7.217609882354736
2385,7.537036895751953
2386,-5.071596622467041
2387,-1.0358489751815796
2388,-2248.307373046875
2389,-1000.9299926757812
2390,-7547.505859375
2391,-2.685650587081909
2392,-0.9486207365989685
2393,3.403236150741577
2394,-1136.1861572265625
2395,-9439.01953125
2396,-1.2055853605270386
2397,-4.017820835113525
2398,-6.9413323402404785
2399,-3.0523674488067627
2400,3.747962236404419
2401,-20058.5703125
2402,703.12628173828125
2403,2.8363606929779053
2404,-4.805131912231445
2405,-0.4477923512458801
2406,-15.615765571594238
2407,-16.88417625427246
2408,-39.62982940673828
2409,-7566.5927734375
2410,10.273879051208496
2411,-4604.04296875
2412,-4434.48486328125
2413,-8.085700988769531
2414,18.531368255615234
2415,-5790.94677734375
2416,-4049.69970703125
2417,-2.8629472255706787
2418,0.929317057132721
2419,-4.656683444976807
2420,-4.5100202560424805
2421,15.232826232910156
2422,63.110286712646484
2423,-19.428260803222656
2424,-4735.62060546875
2425,-9.313730239868164
2426,17.05095100402832
2427,-6.466115951538086
2428,-0.7363610863685608
2429,-2.5186221599578857
2430,9.92462158203125
2431,3.6330175399780273
2432,-9463.3125
2433,-13.622005462646484
2434,1.3142400979995728
2435,-3420.7099609375
2436,1.3993583917617798
2437,19.02195930480957
2438,-795.05059814453125
2439,2.662497043609619
2440,6.890890121459961
2441,-2015.3994140625
2442,-14216.453125
2443,-6.2414960861206055
2444,8.512480735778809
2445,-28.254867553710938
2446,5.213831424713135
2447,-16.247175216674805
2448,11.317522048950195
2449,10.42552661895752
2450,67.15941619873047
2451,-6092.5615234375
2452,-5.632789611816406
2453,12.293874740600586
2454,62.568721771240234
2455,-6.364819049835205
2456,-1.538352608680725
2457,-1.9824888706207275
2458,1.132627248764038
2459,-32.23231506347656
2460,8.074241638183594
2461,23.289079666137695
2462,-4549.91259765625
2463,-2522.837646484375
2464,-4.3454389572143555
2465,-1.6179841756820679
2466,11.391289710998535
2467,-13651.275390625
2468,5.351529598236084
2469,9.910765647888184
2470,-899.27325439453125
2471,-20.784700393676758
2472,-4992.97412109375
2473,5.729153633117676
2474,9.474126815795898
2475,10.109405517578125
2476,5.427828311920166
2477,225.29217529296875
2478,2.6379024982452393
2479,-14902.0654296875
2480,9.599967002868652
2481,-15008.5
2482,21.672382354736328
2483,6095.70556640625
2484,-3728.04296875
2485,11.090656280517578
2486,-5.629103183746338
2487,-7.945367813110352
2488,-29.52839469909668
2489,8.014569282531738
2490,7.677795886993408
2491,-2.5268056392669678
2492,-0.2568453550338745
2493,-4719.630859375
2494,17.75107192993164
2495,-2766.453857421875
2496,-38.160762786865234
2497,-36490.3203125
2498,-35193.65625
2499,16.89504051208496
2500,-6129.015625
2501,31.250944137573242
2502,23.914838790893555
2503,10.737075805664062
2504,-15290.2734375
2505,-14639.3623046875
2506,4.292558670043945
2507,-1.125706434249878
2508,-7285.53955078125
2509,-9223.3916015625
2510,-3.4683704376220703
2511,-3043.201416015625
2512,18.711952209472656
2513,-6176.5849609375
2514,-5180.1142578125
2515,-1558.75634765625
2516,-0.6213672757148743
2517,-10.870203971862793
2518,1.7202767133712769
2519,-7.681089401245117
2520,-166.81178283691406
2521,-3691.5908203125
2522,-0.7154995799064636
2523,-1.056085228919983
2524,-4.226179122924805
2525,-6.823904037475586
2526,70.1944808959961
2527,15.057758331298828
2528,-25.077117919921875
2529,630.27484130859375
2530,6.292557716369629
2531,13.19741439819336
2532,-0.7238396406173706
2533,-11.442479133605957
2534,1.0098134279251099
2535,7.146902084350586
2536,6.932888031005859
2537,-2070.90771484375
2538,1020.9071044921875
2539,-21.10674285888672
2540,157.266357421875
2541,-24024.0546875
2542,-1895.9110107421875
2543,2.093043327331543
2544,0.5223247408866882
2545,-12621.529296875
2546,-3737.396484375
2547,-8.70110034942627
2548,10.308868408203125
2549,-4479.93701171875
2550,-6270.865234375
2551,11.633855819702148
2552,-6.3957319259643555
2553,-9.190149307250977
2554,6.439463138580322
2555,-0.9097139239311218
2556,-15376.08984375
2557,-5.128465175628662
2558,6.466323375701904
2559,-4911.240234375
2560,19.29294204711914
2561,-10163.3505859375
2562,-12955.2548828125
2563,18.267955780029297
2564,-6811.62841796875
2565,-8.597010612487793
2566,-14121.1455078125
2567,-6.958077430725098
2568,-9994.3642578125
2569,-13.189249992370605
2570,-57.71620178222656
2571,-10.553752899169922
2572,20.671918869018555
2573,-10.679325103759766
2574,-35.506954193115234
2575,-8193.8251953125
2576,14.463974952697754
2577,-1.5003799200057983
2578,-357.65338134765625
2579,11.896530151367188
2580,17.139019012451172
2581,-6.110497951507568
2582,-18402.3359375
2583,-12.945417404174805
2584,287.6523132324219
2585,-5903.26611328125
2586,-2.187307119369507
2587,7.1129255294799805
2588,-642.55267333984375
2589,-8.09841537475586
2590,-2.2383546829223633
2591,2.031873941421509
2592,-6.184701919555664
2593,6.972517967224121
2594,-15.78854751586914
2595,-3944.5673828125
2596,-10.605063438415527
2597,32.3204345703125
2598,1126.9281005859375
2599,9.628594398498535
2600,-10391.333984375
2601,-14.212257385253906
2602,11.395349502563477
2603,-1.3077751398086548
2604,-2.8432517051696777
2605,-2558.34033203125
2606,-0.688011646270752
2607,-23.342153549194336
2608,-9899.4619140625
2609,1.3182498216629028
2610,-1000.52685546875
2611,16.627334594726562
2612,488.96734619140625
2613,-15341.3291015625
2614,16.40384292602539
2615,3.7215468883514404
2616,-0.7900691628456116
2617,-17385.904296875
2618,6.238476276397705
2619,-18223.87109375
2620,-9.788121223449707
2621,-362.7470397949219
2622,-3567.420166015625
2623,0.032009802758693695
2624,-7.536967754364014
2625,-0.9840272068977356
2626,-11637.072265625
2627,-32.15867233276367
2628,-27852.015625
2629,7.609426021575928
2630,-4.144183158874512
2631,-2.462764024734497
2632,-1.7639163732528687
2633,10.321706771850586
2634,-6.2922563552856445
2635,-1.6355916261672974
2636,8.826713562011719
2637,-46.62163162231445
2638,-3933.371337890625
2639,-18953.291015625
2640,-533.85113525390625
2641,-7499.09033203125
2642,-3.106501340866089
2643,-25299.76953125
2644,9.920219421386719
2645,-2.9267995357513428
2646,-6375.13720703125
2647,-1044.4185791015625
2648,-2.1333277225494385
2649,9.600150108337402
2650,-3.950165271759033
2651,-20.206369400024414
2652,22.040611267089844
2653,-702.97705078125
2654,10.188340187072754
2655,-30.02593994140625
2656,-33.77196502685547
2657,-48.11908721923828
2658,-18641.40625
2659,-37626.90625
2660,-24.561185836791992
2661,-1.5324956178665161
2662,-7.724885940551758
2663,-15.349140167236328
2664,7.360790252685547
2665,-10985.64453125
2666,-2127.070068359375
2667,-1.035906434059143
2668,7.340794563293457
2669,5.969311237335205
2670,864.48046875
2671,-13.281099319458008
2672,-8258.21484375
2673,-32.36892318725586
2674,-982.94970703125
2675,-5457.6572265625
2676,2.47568941116333
2677,-1.1606559753417969
2678,-2155.0107421875
2679,-4688.32373046875
2680,-20792.318359375
2681,17.01976776123047
2682,14.138941764831543
2683,-6.59814453125
2684,5.350004196166992
2685,-8.428080558776855
2686,30.13016700744629
2687,2.7743289470672607
2688,6.126960277557373
2689,-391.6366882324219
2690,-8.260348320007324
2691,-2.6327757835388184
2692,2.652543306350708
2693,1.3391737937927246
2694,-940.92626953125
2695,886.946533203125
2696,-65.80318450927734
2697,0.8487756848335266
2698,-4652.7314453125
2699,44.523231506347656
2700,-3.8907225131988525
2701,22.529863357543945
2702,-955.62371826171875
2703,64.3751220703125
2704,11.094780921936035
2705,-6.5291428565979
2706,-1.0646272897720337
2707,-362.3694152832031
2708,2028.4443359375
2709,-3.41512393951416
2710,-2.4467644691467285
2711,3.9192821979522705
2712,4.1624674797058105
2713,9.05148696899414
2714,-5781.041015625
2715,-3755.819091796875
2716,-7625.47998046875
2717,6.925219535827637
2718,3.851447105407715
2719,-4389.97998046875
2720,17.077842712402344
2721,-21.547603607177734
2722,18.15089988708496
2723,-25.383298873901367
2724,-3.20963454246521
2725,-11.15432357788086
2726,-11439.1953125
2727,0.769187331199646
2728,-19.010072708129883
2729,3.387890577316284
2730,-4977.91845703125
2731,-0.862381637096405
2732,-23349.9921875
2733,1704.3858642578125
2734,-5530.3359375
2735,-7.702962875366211
2736,7.210780620574951
2737,3.0229313373565674
2738,5.132079124450684
2739,-9.580785751342773
2740,-1.734623670578003
2741,2.056236982345581
2742,94.13477325439453
2743,-8416.345703125
2744,0.7656386494636536
2745,-1.4710124731063843
2746,2.9562816619873047
2747,0.714210569858551
2748,5.1651811599731445
2749,-8730.3271484375
2750,-2.551304578781128
2751,4.859285831451416
2752,-145.30300903320312
2753,6.520507335662842
2754,-12058.5068359375
2755,-2.8212890625
2756,-2856.022216796875
2757,-0.8918881416320801
2758,-11.286260604858398
2759,19.40884017944336
2760,25.665019989013672
2761,12.604591369628906
2762,0.6737115383148193
2763,-7155.908203125
2764,473.882080078125
2765,-2.6803927421569824
2766,-7584.65869140625
2767,-9304.2578125
2768,-1442.009521484375
2769,2.7129862308502197
2770,-6.959128379821777
2771,-27.892276763916016
2772,-17.901762008666992
2773,-23292.48828125
2774,-1.410579800605774
2775,-17348.626953125
2776,-9126.298828125
2777,-43.568939208984375
2778,-2296.66357421875
2779,6.926486015319824
2780,-22.5364990234375
2781,-6.834217071533203
2782,-23.80974578857422
2783,-4.692156791687012
2784,-8.885162353515625
2785,-0.14600825309753418
2786,-5.907042026519775
2787,-6699.27978515625
2788,-1.0520260334014893
2789,-7.4708333015441895
2790,899.7220458984375
2791,-34311.47265625
2792,5.799846172332764
2793,-6418.75732421875
2794,3572.2099609375
2795,-9.566533088684082
2796,4.8704400062561035
2797,-7.958438396453857
2798,-10.95826244354248
2799,-8827.638671875
2800,-2.0938780307769775
2801,-9.430816650390625
2802,-0.12160296738147736
2803,-3205.3916015625
2804,1.6021531820297241
2805,-8.139897346496582
2806,-5.139956474304199
2807,-8947.240234375
2808,-55.69158935546875
2809,83.24320983886719
2810,-10.065929412841797
2811,-17665.33203125
2812,4845.9462890625
2813,-13.392641067504883
2814,5.393401622772217
2815,-0.6029196977615356
2816,775.56292724609375
2817,-18533.763671875
2818,-4.0854034423828125
2819,1.0700980424880981
2820,1174.6575927734375
2821,-0.6823984980583191
2822,-8531.4267578125
2823,-31435.052734375
2824,-56.115272521972656
2825,-5.580325603485107
2826,-2.1681125164031982
2827,8.121315002441406
2828,-2031.672607421875
2829,-4.697685718536377
2830,4.541692733764648
2831,5.7310285568237305
2832,1.151265263557434
2833,-2238.298583984375
2834,19.881275177001953
2835,-9255.62109375
2836,32.248939514160156
2837,109.80687713623047
2838,-36.13868713378906
2839,-1.290765404701233
2840,-1139.7738037109375
2841,-5964.931640625
2842,-29.736024856567383
2843,-21.906679153442383
2844,-3.576227903366089
2845,-14.760761260986328
2846,-1.5062283277511597
2847,-1767.3116455078125
2848,-60.10612869262695
2849,5.247204780578613
2850,3749.244140625
2851,6.11680793762207
2852,0.017334550619125366
2853,-17.49681282043457
2854,-1.9626662731170654
2855,-6.61774206161499
2856,0.44431647658348083
2857,-7.093106746673584
2858,-257.16400146484375
2859,5.971640586853027
2860,-3018.44189453125
2861,21.14429473876953
2862,-9.058623313903809
2863,744.408447265625
2864,1.7599860429763794
2865,379.7731628417969
2866,12.213248252868652
2867,12.127105712890625
2868,3.302079439163208
2869,14.71851634979248
2870,-7.932032108306885
2871,-6931.59130859375
2872,2.7409656047821045
2873,-18221.412109375
2874,-29237.85546875
2875,-16052.6181640625
2876,-23089.46875
2877,-4.772641181945801
2878,-7.009854316711426
2879,-267.7643737792969
2880,5.6593780517578125
2881,2.4249229431152344
2882,-51.035823822021484
2883,6.163239479064941
2884,-11815.7431640625
2885,-6.706338882446289
2886,8.32970142364502
2887,-9540.9072265625
2888,20.847414016723633
2889,-246.37411499023438
2890,-3523.355224609375
2891,3627.26806640625
2892,-14.179658889770508
2893,-57.85957717895508
2894,20.430665969848633
2895,-11.014137268066406
2896,-11938.4375
2897,-53.96658706665039
2898,-37174.0859375
2899,566.0489501953125
2900,-3.673314332962036
2901,13.477682113647461
2902,1.931383490562439
2903,5.362285614013672
2904,-14.943964958190918
2905,-20601.927734375
2906,6.116969108581543
2907,0.4197039306163788
2908,-16958.791015625
2909,5.992127895355225
2910,-8788.791015625
2911,16.950416564941406
2912,-1.0148833990097046
2913,-52.018531799316406
2914,-5347.6962890625
2915,4.812741756439209
2916,-6.009416580200195
2917,71.415130615234375
2918,771.353515625
2919,-24008.00390625
2920,-10189.8642578125
2921,-5.766437530517578
2922,17.15427017211914
2923,5.035252571105957
2924,-47.81019973754883
2925,7.930373668670654
2926,66.38172149658203
2927,-14659.6796875
2928,-20424.658203125
2929,15.50760555267334
2930,-5292.44873046875
2931,-3.286986827850342
2932,9.609460830688477
2933,-389.074462890625
2934,-0.3696524202823639
2935,-4126.4228515625
2936,-3247.78369140625
2937,-1.1926543712615967
2938,-4.389111518859863
2939,-639.88720703125
2940,-3.3743109703063965
2941,-37.0671272277832
2942,-4286.271484375
2943,1.3668898344039917
2944,-2380.625244140625
2945,36.43328094482422
2946,-1857.26171875
2947,0.39482250809669495
2948,7.12031364440918
2949,-22.270292282104492
2950,8.359851837158203
2951,1.2039748430252075
2952,-3158.89697265625
2953,7.04151725769043
2954,12.878459930419922
2955,-20320.1640625
2956,0.11636575311422348
2957,20.815723419189453
2958,14.41010570526123
2959,-1851.708251953125
2960,-8517.08203125
2961,-457.0787353515625
2962,7.038696765899658
2963,-5.090294361114502
2964,1.337594985961914
2965,-5.6352314949035645
2966,-29.814809799194336
2967,-17.02798080444336
2968,-17.654544830322266
2969,3.7996959686279297
2970,4805.76953125
2971,8.419178009033203
2972,6.306882858276367
2973,-5510.498046875
2974,477.08868408203125
2975,-8259.837890625
2976,-15.212886810302734
2977,-0.10197078436613083
2978,6.484679222106934
2979,9.981507301330566
2980,23.894771575927734
2981,16.798187255859375
2982,10.518982887268066
2983,-10.000093460083008
2984,7.448503017425537
2985,-9.44973373413086
2986,-14.703604698181152
2987,0.5865433216094971
2988,-7.798474311828613
2989,-4.10906457901001
2990,-6830.46630859375
2991,-4.271239280700684
2992,4.324716091156006
2993,-11351.767578125
2994,-11.626121520996094
2995,13.520822525024414
2996,3.5244300365448
2997,3192.823974609375
2998,-8245.568359375
2999,21.16690444946289
3000,-12.428757667541504
3001,3.3243043422698975
3002,-3.3751628398895264
3003,-91.03459930419922
3004,-15.23421573638916
3005,-5.692717552185059
3006,17.064361572265625
3007,-8.425261497497559
3008,2.4683499336242676
3009,-1.1385074853897095
3010,2.001268148422241
3011,7.614832878112793
3012,-11.773050308227539
3013,7.513413429260254
3014,12.793512344360352
3015,9.51164722442627
3016,-2764.737548828125
3017,1.7352900505065918
3018,-3.311070203781128
3019,5.8499040603637695
3020,-9.425115585327148
3021,12.496021270751953
3022,254.06777954101562
3023,4.309982776641846
3024,4.107002258300781
3025,11.84206485748291
3026,-0.4751024544239044
3027,-3310.62744140625
3028,18.460634231567383
3029,82.184783935546875
3030,2.614183187484741
3031,-6.263576030731201
3032,-6.437472343444824
3033,11.343146324157715
3034,-3370.8515625
3035,-8048.1884765625
3036,53.886566162109375
3037,-14454.9208984375
3038,-9.65982437133789
3039,3.2248427867889404
3040,-19836.47265625
3041,-18.17966651916504
3042,28.0538330078125
3043,-4059.99560546875
3044,-5.281023979187012
3045,78.87512969970703
3046,-6946.55712890625
3047,-792.7298583984375
3048,-20.039113998413086
3049,-0.35709258913993835
3050,-8.35442066192627
3051,-7469.6923828125
3052,11.374083518981934
3053,-2.456007957458496
3054,0.2032853066921234
3055,-7025.220703125
3056,-7251.8974609375
3057,-11.441861152648926
3058,16.84575843811035
3059,-26774.236328125
3060,-8148.93359375
3061,-906.288818359375
3062,18.907819747924805
3063,-5608.74951171875
3064,116.28455352783203
3065,6.768315315246582
3066,-1.0400928258895874
3067,-14.356502532958984
3068,-2912.49462890625
3069,5.851198673248291
3070,-2.389580726623535
3071,-15.05172061920166
3072,6.224192142486572
3073,-8357.0361328125
3074,-1.8802464008331299
3075,-7.295963287353516
3076,3.5941264629364014
3077,-4.490228652954102
3078,-19559.611328125
3079,-18.04861068725586
3080,1.5299190282821655
3081,32.433353424072266
3082,-10282.7587890625
3083,11.198150634765625
3084,469.42974853515625
3085,-2.0490734577178955
3086,-46.53523254394531
3087,5.288975238800049
3088,-12.45807933807373
3089,-9505.263671875
3090,-22.92201805114746
3091,9.849226951599121
3092,-3.2925586700439453
3093,11.849483489990234
3094,-8816.337890625
3095,5.9930949211120605
3096,-5461.421875
3097,0.22259478271007538
3098,-773.75970458984375
3099,212.2917938232422
3100,-45.34973907470703
3101,-9932.39453125
3102,-11775.8740234375
3103,-6.326725482940674
3104,-20.509469985961914
3105,-103.62260437011719
3106,-11249.47265625
3107,-7.183323383331299
3108,-14.408699035644531
3109,-3353.425537109375
3110,-6.119488716125488
3111,-10551.0537109375
3112,-3.8580832481384277
3113,-10.933177947998047
3114,10.045696258544922
3115,2.9715261459350586
3116,2.1677184104919434
3117,-5.221851348876953
3118,972.92437744140625
3119,1.125364899635315
3120,6.339933395385742
3121,-2.18755841255188
3122,14.072173118591309
3123,-7539.92431640625
3124,-21.34307098388672
3125,-17446.439453125
3126,-10.698864936828613
3127,-5103.4921875
3128,-14205.18359375
3129,-34952.171875
3130,-1827.9677734375
3131,-13.38854694366455
3132,5.442422866821289
3133,-5249.39111328125
3134,-0.172611802816391
3135,5.791991710662842
3136,0.08396949619054794
3137,-5694.76416015625
3138,-15.27641773223877
3139,-9.8523406982421875
3140,23.22039222717285
3141,7.747463226318359
3142,-9485.056640625
3143,-28.308393478393555
3144,2.923497438430786
3145,-5.056290626525879
3146,-99.91138458251953
3147,7.272665977478027
3148,5.567350387573242
3149,-11930.06640625
3150,-16047.18359375
3151,-8.870699882507324
3152,9.348596572875977
3153,-420.83221435546875
3154,-2.364753007888794
3155,3.5102784633636475
3156,-2291.766357421875
3157,-14158.3046875
3158,-12.574066162109375
3159,-20.856212615966797
3160,-1996.6900634765625
3161,6.001036167144775
3162,3.7524471282958984
3163,16.134119033813477
3164,-12.47998046875
3165,-12.025662422180176
3166,-0.9933986663818359
3167,-1147.2135009765625
3168,12.617770195007324
3169,4.346587657928467
3170,-2.160620927810669
3171,4.794030666351318
3172,-31125.1328125
3173,-3546.70947265625
3174,-3224.138916015625
3175,0.635514497756958
3176,-20135.845703125
3177,5.580233573913574
3178,0.2312762439250946
3179,2.4562337398529053
3180,10.314955711364746
3181,-3293.7392578125
3182,-1.930734395980835
3183,-926.14385986328125
3184,18.164241790771484
3185,-18.38035011291504
3186,-4037.657470703125
3187,-13.638809204101562
3188,4.350358009338379
3189,41.60780334472656
3190,50.089385986328125
3191,-4435.66748046875
3192,-2346.577392578125
3193,-408.0640563964844
3194,11.016904830932617
3195,-0.9944205284118652
3196,11.19489860534668
3197,-2.093900680541992
3198,4.61165714263916
3199,-24.214231491088867
3200,1.6844228506088257
3201,2.2838938236236572
3202,-30.45907974243164
3203,-6458.73876953125
3204,-15963.708984375
3205,-6701.96533203125
3206,5.925860404968262
3207,-8098.1513671875
3208,-18845.328125
3209,-18924.16796875
3210,-49.273826599121094
3211,13.408997535705566
3212,-25.472509384155273
3213,-5.307468414306641
3214,-16968.74609375
3215,-24410.8671875
3216,-17913.810546875
3217,-9199.7119140625
3218,-9654.0498046875
3219,-12397.134765625
3220,-31573.703125
3221,-12702.12890625
3222,-22081.048828125
3223,-15045.6494140625
3224,-7334.14794921875
3225,-28115.244140625
3226,-6495.91748046875
3227,-912.423828125
3228,-11449.669921875
3229,-8238.9287109375
3230,-10020.7255859375
3231,-12445.8818359375
3232,-10259.1083984375
3233,-24089.93359375
3234,-2093.55810546875
3235,-1022.4655151367188
3236,-2726.080810546875
3237,-6311.00439453125
3238,4435.322265625
3239,-2207.5751953125
3240,-7432.71923828125
3241,-13282.3232421875
3242,-27263.615234375
3243,-7132.84765625
3244,-17897.337890625
3245,2886.293212890625
3246,-6035.00830078125
3247,-8692.173828125
3248,-7370.5283203125
3249,-19005.525390625
3250,532.85498046875
3251,-9150.490234375
3252,3273.539306640625
3253,-7996.03369140625
3254,-1755.12353515625
3255,-1604.2252197265625
3256,-2586.8818359375
3257,-16560.623046875
3258,-4195.64453125
3259,-21454.74609375
3260,-12336.0673828125
3261,-7891.87255859375
3262,-21676.4296875
3263,-16002.1591796875
3264,-4928.14794921875
3265,-6478.31884765625
3266,-24832.666015625
3267,-8158.9599609375
3268,-13128.7763671875
3269,-19868.810546875
3270,-10918.0078125
3271,-9459.0888671875
3272,-235.2251434326172
3273,-2284.768310546875
3274,-694.728759765625
3275,-16977.380859375
3276,-3664.2060546875
3277,-7761.01708984375
3278,-21104.724609375
3279,-746.92584228515625
3280,-4201.51953125
3281,-10084.8017578125
3282,-19491.5234375
3283,-4134.9765625
3284,-7473.13623046875
3285,2935.59130859375
3286,-3300.764404296875
3287,-547.5240478515625
3288,-5772.76953125
3289,-6334.95361328125
3290,-31163.32421875
3291,-1183.49169921875
3292,-5321.8828125
3293,-12760.875
3294,-25931.306640625
3295,-3717.2763671875
3296,-5876.9150390625
3297,-16433.2265625
3298,-14435.93359375
3299,1368.1151123046875
3300,-998.43914794921875
3301,-17450.5625
3302,-1489.7889404296875
3303,-9333.2998046875
3304,-7109.85205078125
3305,-9789.1484375
3306,-4225.23779296875
3307,-2926.357421875
3308,-27704.35546875
3309,-14293.6640625
3310,-2146.5146484375
3311,-5629.88818359375
3312,-9207.5595703125
3313,-16255.4091796875
3314,-7502.38720703125
3315,-4088.41845703125
3316,253.7518768310547
3317,-7286.10009765625
3318,-10591.455078125
3319,-4874.32080078125
3320,-4639.64990234375
3321,-4820.54345703125
3322,-3151.739501953125
3323,-12920.1083984375
3324,-12571.3056640625
3325,-10123.6181640625
3326,-6036.46484375
3327,-17264.353515625
3328,1106.2490234375
3329,-3961.07958984375
3330,-30055.78515625
3331,-29176.80078125
3332,-17933.662109375
3333,-7707.33203125
3334,-7780.3095703125
3335,-2572.4248046875
3336,-7855.39990234375
3337,-7595.47265625
3338,-12841.447265625
3339,-27790.669921875
3340,-28291.8984375
3341,-11885.5068359375
3342,-7995.92822265625
3343,-35.74954605102539
3344,-4777.4892578125
3345,-175.90431213378906
3346,-21243.375
3347,-13684.072265625
3348,-5972.7978515625
3349,-22137.2421875
3350,-3680.778076171875
3351,-10365.41796875
3352,-5217.57958984375
3353,-7941.5849609375
3354,-34053.609375
3355,-2101.66259765625
3356,-2826.513916015625
3357,-2746.595703125
3358,-8861.5361328125
3359,-30496.013671875
3360,-1847.660400390625
3361,-30250.03515625
3362,-10241.4140625
3363,218.4738006591797
3364,-13988.220703125
3365,-8386.5869140625
3366,-9227.7548828125
3367,-17644.732421875
3368,-5089.40478515625
3369,216.08969116210938
3370,-1536.614990234375
3371,-3692.757080078125
3372,-15867.576171875
3373,-1469.26611328125
3374,-13812.8525390625
3375,-2343.63525390625
3376,-8663.138671875
3377,-19598.6171875
3378,-11023.033203125
3379,-21258.87109375
3380,-5036.53564453125
3381,-1284.690185546875
3382,-3533.55078125
3383,3503.5458984375
3384,-19672.728515625
3385,-22066.302734375
3386,-10863.814453125
3387,-8098.21435546875
3388,-21425.478515625
3389,-19284.61328125
3390,-6159.27978515625
3391,-33215.51171875
3392,-11546.24609375
3393,-3770.525146484375
3394,-1765.4908447265625
3395,-6847.328125
3396,-13476.0380859375
3397,-7686.07666015625
3398,-1867.035400390625
3399,-26897.63671875
3400,-20837.228515625
3401,-18455.08203125
3402,-9010.689453125
3403,-17306.1640625
3404,-3823.97265625
3405,1601.2110595703125
3406,-15986.5712890625
3407,2316.54443359375
3408,3282.654541015625
3409,-6187.33447265625
3410,-12842.173828125
3411,-6704.13427734375
3412,-8852.9267578125
3413,-3837.42041015625
3414,-14744.86328125
3415,424.23809814453125
3416,-4034.953369140625
3417,-13663.9755859375
3418,-24209.470703125
3419,-8359.31640625
3420,-4293.43359375
3421,-9390.5751953125
3422,-15485.1083984375
3423,-21066.501953125
3424,-12770.83203125
3425,-5536.73681640625
3426,-17477.974609375
3427,1275.4307861328125
3428,-2524.77001953125
3429,-1800.6607666015625
3430,-13939.025390625
3431,-8828.7470703125
3432,-18812.6328125
3433,-25036.369140625
3434,-1279.063720703125
3435,-12547.3427734375
3436,531.99749755859375
3437,-8101.07958984375
3438,-24315.20703125
3439,-4863.7998046875
3440,-25458.400390625
3441,-2571.829833984375
3442,-8624.400390625
3443,-1126.849609375
3444,-16552.17578125
3445,-9407.642578125
3446,-4709.02197265625
3447,-6298.58740234375
3448,-5643.44189453125
3449,-4230.62548828125
3450,-22986.041015625
3451,-22254.333984375
3452,-9737.974609375
3453,-7576.37939453125
3454,-1616.099609375
3455,-1638.2095947265625
3456,-27793.73828125
3457,-11345.912109375
3458,-5084.31640625
3459,-20826.86328125
3460,-2438.231689453125
3461,-20492.046875
3462,-12486.455078125
3463,-19426.125
3464,258.4126281738281
3465,-11520.515625
3466,-7292.7412109375
3467,-5163.9267578125
3468,-3390.608642578125
3469,-11383.916015625
3470,-7913.900390625
3471,-1418.802490234375
3472,-6589.595703125
3473,-1075.430419921875
3474,-31296.09765625
3475,-1215.2705078125
3476,-7037.30419921875
3477,250.2164764404297
3478,-4131.01318359375
3479,-8535.07421875
3480,1550.7275390625
3481,-15296.185546875
3482,-6078.79443359375
3483,-17236.310546875
3484,-9024.716796875
3485,-4641.5859375
3486,-5856.23046875
3487,-4237.93603515625
3488,-36867.3984375
3489,-2285.501708984375
3490,-6818.451171875
3491,-13256.1767578125
3492,-11024.1962890625
3493,-12377.685546875
3494,-18526.111328125
3495,-11789.4423828125
3496,-6791.556640625
3497,-7392.63525390625
3498,-10235.7265625
3499,-3964.7021484375
3500,-3449.2900390625
3501,-14762.0107421875
3502,-3116.393310546875
3503,-831.01788330078125
3504,-342.70556640625
3505,-5287.49951171875
3506,-10009.8251953125
3507,-6275.75244140625
3508,-9338.7060546875
3509,-6296.07568359375
3510,-8461.3095703125
3511,-9400.482421875
3512,-6526.20556640625
3513,-6265.81201171875
3514,-8765.76953125
3515,-2087.543212890625
3516,-4140.1630859375
3517,-14230.392578125
3518,-9003.8466796875
3519,-28386.439453125
3520,-6012.671875
3521,-3315.69921875
3522,-11324.5986328125
3523,-15704.98828125
3524,-6513.466796875
3525,-11532.1044921875
3526,-20734.291015625
3527,-28288.22265625
3528,-10160.0810546875
3529,-22753.2421875
3530,-13965.107421875
3531,-14920.60546875
3532,-26186.0234375
3533,-1933.119384765625
3534,-14060.2041015625
3535,-4112.1806640625
3536,-5538.82568359375
3537,-28977.28125
3538,-3146.45654296875
3539,-24360.4453125
3540,-5529.59326171875
3541,-8237.9287109375
3542,-21118.75390625
3543,-9838.0625
3544,-5444.55224609375
3545,-6264.77783203125
3546,-7770.28515625
3547,-9778.8603515625
3548,-11786.4072265625
3549,-752.6978759765625
3550,617.177001953125
3551,-6062.98779296875
3552,-577.58148193359375
3553,-5512.5234375
3554,-1191.8101806640625
3555,-5818.353515625
3556,-4164.43310546875
3557,-7253.2783203125
3558,-4461.97802734375
3559,-6682.83251953125
3560,-29072.3515625
3561,-14347.4130859375
3562,-31507.228515625
3563,-19142.716796875
3564,-28336.28125
3565,-5765.4560546875
3566,-3556.263916015625
3567,-6257.4208984375
3568,-28319.05078125
3569,-4443.5146484375
3570,-21016.669921875
3571,7458.830078125
3572,-12296.654296875
3573,-18672.462890625
3574,-5859.49072265625
3575,-14953.3525390625
3576,-12380.611328125
3577,-6782.89013671875
3578,-7495.40234375
3579,-11394.8046875
3580,-2880.07373046875
3581,-8946.443359375
3582,-67.075347900390625
3583,-8284.4287109375
3584,-24161.689453125
3585,-13588.1826171875
3586,-24345.841796875
3587,-18243.08984375
3588,-28910.56640625
3589,-9137.9970703125
3590,-12431.521484375
3591,-5827.95654296875
3592,-4691.31494140625
3593,-1380.4573974609375
3594,-11892.62890625
3595,3093.296630859375
3596,-7130.94091796875
3597,443.1652526855469
3598,-4978.78857421875
3599,-13078.7255859375
3600,-21802.408203125
3601,-8267.9814453125
3602,-23373.55078125
3603,-3311.89208984375
3604,-17276.6484375
3605,-11583.7998046875
3606,-9121.39453125
3607,-630.96624755859375
3608,-335.35345458984375
3609,-13478.0234375
3610,-13691.2919921875
3611,-6105.08203125
3612,-4708.794921875
3613,-15104.087890625
3614,-3702.270751953125
3615,-901.577880859375
3616,-33708.7578125
3617,1595.5538330078125
3618,508.8419189453125
3619,-5699.34130859375
3620,-22571.29296875
3621,-6312.14208984375
3622,-10107.0537109375
3623,-3203.49609375
3624,-19554.2109375
3625,-1166.6646728515625
3626,-9406.0458984375
3627,-7332.32275390625
3628,-3312.318359375
3629,-17952.31640625
3630,-5137.91552734375
3631,-8226.404296875
3632,-4420.810546875
3633,-17088.376953125
3634,-13167.904296875
3635,-10072.4921875
3636,-6362.99072265625
3637,-18972.673828125
3638,-13293.8349609375
3639,-30222.1875
3640,-785.5504150390625
3641,-4833.748046875
3642,-9065.98046875
3643,-9413.984375
3644,-3067.493408203125
3645,-12064.759765625
3646,-2896.090087890625
3647,-2628.00439453125
3648,-10267.80078125
3649,-15599.80078125
3650,-4037.635498046875
3651,-10304.404296875
3652,-16700.3046875
3653,-4278.56103515625
3654,-5532.34814453125
3655,-21446.736328125
3656,-13279.1181640625
3657,-455.2216796875
3658,-21756.39453125
3659,-19955.4453125
3660,-8420.794921875
3661,-2345.011962890625
3662,-16895.166015625
3663,4741.34521484375
3664,-12988.701171875
3665,-14047.0166015625
3666,-5219.7021484375
3667,2825.44873046875
3668,-17203.296875
3669,-1971.8260498046875
3670,-2604.818603515625
3671,-2606.4638671875
3672,-8041.47216796875
3673,-7569.05712890625
3674,-16977.919921875
3675,-13132.80078125
3676,-139.76901245117188
3677,-13769.19921875
3678,-2767.256591796875
3679,-11827.5380859375
3680,-17633.0859375
3681,-19874.84375
3682,-20085.099609375
3683,-26037.080078125
3684,-8021.72265625
3685,-2643.052734375
3686,-11208.181640625
3687,-9734.38671875
3688,-10875.58203125
3689,-12015.103515625
3690,-13613.9072265625
3691,-17366.07421875
3692,-24565.9296875
3693,-6641.791015625
3694,-13570.3359375
3695,-37237.62890625
3696,-27277.630859375
3697,-8529.146484375
3698,-1676.6378173828125
3699,-2012.857666015625
3700,-14742.857421875
3701,-6363.25439453125
3702,-6976.97998046875
3703,-17987.154296875
3704,-6045.61083984375
3705,-11253.7275390625
3706,-13750.98828125
3707,2175.834228515625
3708,-4558.208984375
3709,-12833.1015625
3710,1308.61328125
3711,-22696.07421875
3712,-7719.23828125
3713,-17767.951171875
3714,-21854.037109375
3715,-19729.208984375
3716,-3024.25146484375
3717,-16318.650390625
3718,-7630.25634765625
3719,-14235.4033203125
3720,-5704.2568359375
3721,-8108.970703125
3722,-9684.3681640625
3723,-7251.64453125
3724,-6823.36376953125
3725,-8624.8447265625
3726,459.83721923828125
3727,-8897.43359375
3728,-23701.6953125
3729,-9746.1591796875
3730,-3161.045654296875
3731,-5628.38623046875
3732,-31035.013671875
3733,-5081.9658203125
3734,-30294.916015625
3735,-21652.041015625
3736,-11981.1943359375
3737,-4084.732177734375
3738,-13764.166015625
3739,1774.849609375
3740,2665.69287109375
3741,-10128.759765625
3742,-16264.4033203125
3743,-30604.158203125
3744,-9599.58984375
3745,-219.8730926513672
3746,-28077.03125
3747,-5352.75732421875
3748,-3343.173828125
3749,-6537.85888671875
3750,-12320.3115234375
3751,-12280.189453125
3752,-4488.123046875
3753,-10138.02734375
3754,-6861.10009765625
3755,-22931.8359375
3756,-27051.416015625
3757,-4579.1796875
3758,-11050.4150390625
3759,-5952.24462890625
3760,-13333.03125
3761,-13746.90234375
3762,-7199.6552734375
3763,-12276.4853515625
3764,-5381.37109375
3765,-2676.990478515625
3766,-596.94976806640625
3767,-8852.10546875
3768,-5475.85009765625
3769,-20104.078125
3770,-6478.1806640625
3771,-5622.537109375
3772,-7796.44775390625
3773,-11806.3974609375
3774,-4212.3232421875
3775,-5198.333984375
3776,-17387.990234375
3777,-5076.83154296875
3778,-6933.27001953125
3779,-6208.97265625
3780,-16201.9140625
3781,-4633.88330078125
3782,-4338.3818359375
3783,-7642.05322265625
3784,-1338.4833984375
3785,1698.54541015625
3786,-11285.9111328125
3787,-10380.283203125
3788,-3585.513916015625
3789,-9470.9208984375
3790,-10243.05078125
3791,-35520.0703125
3792,-4721.6416015625
3793,-15638.6259765625
3794,-1717.7091064453125
3795,-2361.424072265625
3796,-4202.46533203125
3797,-15864.37109375
3798,-4439.29736328125
3799,-19693.29296875
3800,-14884.9267578125
3801,-3215.60107421875
3802,-15086.2802734375
3803,-11071.0859375
3804,-15184.875
3805,-29727.40625
3806,-3883.066650390625
3807,-1303.7017822265625
3808,-11265.5224609375
3809,-1295.6971435546875
3810,-31144.482421875
3811,-5625.37451171875
3812,-4202.3115234375
3813,-15313.87890625
3814,-34252.0546875
3815,172.161376953125
3816,-8195.7255859375
3817,-3942.51513671875
3818,-6350.9404296875
